[1] "Processing time = 0.0864608287811279 s."
[1] "RMSE 14.4241651168816"
[1] "adjR2 0.446739923128779"
[1] "MAE 11.6170828925552"
      time               Bx              By             Bz        
 Min.   :  1.006   Min.   :35268   Min.   :1900   Min.   :-29651  
 1st Qu.: 98.799   1st Qu.:35400   1st Qu.:1988   1st Qu.:-29623  
 Median :188.658   Median :35410   Median :2000   Median :-29620  
 Mean   :187.109   Mean   :35412   Mean   :2000   Mean   :-29617  
 3rd Qu.:276.872   3rd Qu.:35423   3rd Qu.:2014   3rd Qu.:-29613  
 Max.   :365.999   Max.   :35527   Max.   :2092   Max.   :-29570  
[1] "Processing time = 0.0471348762512207 s."
[1] "Linear regression model"

Call:
lm(formula = TEC ~ ., data = dataTrain)

Residuals:
    Min      1Q  Median      3Q     Max 
-91.233 -11.359  -1.759   8.857 269.676 

Coefficients:
              Estimate Std. Error t value Pr(>|t|)    
(Intercept)  2.107e+04  9.854e+01  213.86   <2e-16 ***
Bx           1.115e-01  1.147e-03   97.16   <2e-16 ***
By           1.639e-01  1.082e-03  151.49   <2e-16 ***
Bz           8.551e-01  2.510e-03  340.68   <2e-16 ***
Bx_diff     -2.965e+04  2.157e+03  -13.75   <2e-16 ***
By_diff     -2.549e+03  1.290e+02  -19.76   <2e-16 ***
Bz_diff     -9.086e+04  4.487e+03  -20.25   <2e-16 ***
---
Signif. codes:  0 ‘***’ 0.001 ‘**’ 0.01 ‘*’ 0.05 ‘.’ 0.1 ‘ ’ 1

Residual standard error: 13.94 on 403793 degrees of freedom
Multiple R-squared:  0.3657,	Adjusted R-squared:  0.3657 
F-statistic: 3.88e+04 on 6 and 403793 DF,  p-value: < 2.2e-16

      RMSE   Rsquared        MAE 
14.0015329  0.3612796 11.0134747 
[1] "Processing time = 2.56556634902954 min."
[1] "CART1"
      RMSE   Rsquared        MAE 
12.1051081  0.5225813  8.8273016 
[1] "Processing time = 9.31457554896673 min."
[1] "Boosted Generalized Additive Model (GAMB)"
      RMSE   Rsquared        MAE 
11.9172233  0.5378511  8.8369546 
[1] "Processing time = 18.0784080306689 min."
[1] "Bagged CART (BCART)"
      RMSE   Rsquared        MAE 
12.0472057  0.5271387  8.7850788 
Iter   TrainDeviance   ValidDeviance   StepSize   Improve
     1      285.6335             nan     0.1000   20.5440
     2      268.9825             nan     0.1000   16.6967
     3      255.3141             nan     0.1000   13.5975
     4      244.1265             nan     0.1000   11.1641
     5      234.9307             nan     0.1000    9.1985
     6      226.0556             nan     0.1000    8.8332
     7      218.7102             nan     0.1000    7.3452
     8      211.8156             nan     0.1000    6.8579
     9      205.7836             nan     0.1000    6.0097
    10      200.2159             nan     0.1000    5.5928
    20      166.4289             nan     0.1000    2.1886
    40      144.5570             nan     0.1000    0.4913
    60      138.8404             nan     0.1000    0.1878
    80      135.8397             nan     0.1000    0.1185
   100      134.0221             nan     0.1000    0.0773
   120      132.8076             nan     0.1000    0.0499
   140      131.9326             nan     0.1000    0.0382
   150      131.5861             nan     0.1000    0.0315

Iter   TrainDeviance   ValidDeviance   StepSize   Improve
     1      281.9302             nan     0.1000   24.2732
     2      262.0894             nan     0.1000   19.9490
     3      245.2715             nan     0.1000   16.8475
     4      231.3534             nan     0.1000   13.8987
     5      219.4898             nan     0.1000   11.8423
     6      209.7827             nan     0.1000    9.7387
     7      201.2247             nan     0.1000    8.5519
     8      193.8112             nan     0.1000    7.3877
     9      187.5526             nan     0.1000    6.2345
    10      181.2355             nan     0.1000    6.3183
    20      150.8762             nan     0.1000    1.7383
    40      135.7948             nan     0.1000    0.3396
    60      131.5138             nan     0.1000    0.1566
    80      129.3186             nan     0.1000    0.1004
   100      127.9761             nan     0.1000    0.0440
   120      126.7990             nan     0.1000    0.0443
   140      125.7988             nan     0.1000    0.0406
   150      125.4051             nan     0.1000    0.0411

Iter   TrainDeviance   ValidDeviance   StepSize   Improve
     1      278.7510             nan     0.1000   27.2961
     2      256.5868             nan     0.1000   22.0871
     3      238.4673             nan     0.1000   18.1328
     4      223.5324             nan     0.1000   14.9618
     5      211.2438             nan     0.1000   12.3318
     6      201.0810             nan     0.1000   10.1112
     7      192.3904             nan     0.1000    8.6369
     8      185.0568             nan     0.1000    7.2918
     9      178.7288             nan     0.1000    6.2655
    10      173.4170             nan     0.1000    5.3222
    20      143.9636             nan     0.1000    1.5016
    40      130.4399             nan     0.1000    0.2056
    60      126.4627             nan     0.1000    0.0983
    80      124.5360             nan     0.1000    0.0916
   100      122.9589             nan     0.1000    0.0438
   120      121.7857             nan     0.1000    0.0506
   140      120.8896             nan     0.1000    0.0598
   150      120.3417             nan     0.1000    0.0382

Iter   TrainDeviance   ValidDeviance   StepSize   Improve
     1      285.4516             nan     0.1000   20.5377
     2      268.7377             nan     0.1000   16.7314
     3      255.0652             nan     0.1000   13.6636
     4      243.8557             nan     0.1000   11.1583
     5      234.5945             nan     0.1000    9.2405
     6      225.7491             nan     0.1000    8.7705
     7      218.4141             nan     0.1000    7.3134
     8      211.4046             nan     0.1000    6.9773
     9      205.3505             nan     0.1000    6.0096
    10      199.7947             nan     0.1000    5.5684
    20      166.0067             nan     0.1000    2.1964
    40      144.2053             nan     0.1000    0.5075
    60      138.4993             nan     0.1000    0.1984
    80      135.5162             nan     0.1000    0.1164
   100      133.6880             nan     0.1000    0.0703
   120      132.5020             nan     0.1000    0.0478
   140      131.6437             nan     0.1000    0.0384
   150      131.2999             nan     0.1000    0.0305

Iter   TrainDeviance   ValidDeviance   StepSize   Improve
     1      281.8344             nan     0.1000   24.2171
     2      261.9984             nan     0.1000   19.7652
     3      245.5278             nan     0.1000   16.4464
     4      231.0550             nan     0.1000   14.3972
     5      219.2506             nan     0.1000   11.7454
     6      209.1828             nan     0.1000   10.0441
     7      201.0414             nan     0.1000    8.1203
     8      193.5774             nan     0.1000    7.4397
     9      187.1875             nan     0.1000    6.3860
    10      180.8920             nan     0.1000    6.3515
    20      150.4067             nan     0.1000    1.6375
    40      135.2411             nan     0.1000    0.3279
    60      130.7540             nan     0.1000    0.1840
    80      128.5795             nan     0.1000    0.1101
   100      127.1287             nan     0.1000    0.0498
   120      126.0163             nan     0.1000    0.0358
   140      125.1254             nan     0.1000    0.0232
   150      124.8235             nan     0.1000    0.0485

Iter   TrainDeviance   ValidDeviance   StepSize   Improve
     1      278.7194             nan     0.1000   27.5171
     2      256.4241             nan     0.1000   22.3388
     3      238.1568             nan     0.1000   18.2872
     4      223.2264             nan     0.1000   14.9327
     5      210.7912             nan     0.1000   12.4019
     6      200.6213             nan     0.1000   10.2432
     7      191.9548             nan     0.1000    8.6704
     8      184.4828             nan     0.1000    7.4267
     9      177.9111             nan     0.1000    6.5309
    10      172.3875             nan     0.1000    5.5222
    20      143.4840             nan     0.1000    1.7479
    40      130.0783             nan     0.1000    0.3024
    60      126.3910             nan     0.1000    0.1339
    80      124.2728             nan     0.1000    0.0375
   100      122.9615             nan     0.1000    0.1217
   120      121.6536             nan     0.1000    0.0368
   140      120.6531             nan     0.1000    0.0818
   150      120.2902             nan     0.1000    0.0352

Iter   TrainDeviance   ValidDeviance   StepSize   Improve
     1      285.3491             nan     0.1000   20.5335
     2      268.7567             nan     0.1000   16.6601
     3      255.1356             nan     0.1000   13.6532
     4      243.9613             nan     0.1000   11.1054
     5      234.7275             nan     0.1000    9.2075
     6      225.9371             nan     0.1000    8.8591
     7      218.5854             nan     0.1000    7.3665
     8      211.5967             nan     0.1000    6.9549
     9      205.6359             nan     0.1000    5.9655
    10      200.0552             nan     0.1000    5.5722
    20      166.2161             nan     0.1000    2.1673
    40      144.3179             nan     0.1000    0.4911
    60      138.5974             nan     0.1000    0.2054
    80      135.5933             nan     0.1000    0.1196
   100      133.7397             nan     0.1000    0.0638
   120      132.5529             nan     0.1000    0.0068
   140      131.6700             nan     0.1000    0.0361
   150      131.3090             nan     0.1000    0.0298

Iter   TrainDeviance   ValidDeviance   StepSize   Improve
     1      281.6054             nan     0.1000   24.1928
     2      261.6705             nan     0.1000   19.9335
     3      244.9052             nan     0.1000   16.7524
     4      230.9711             nan     0.1000   13.8829
     5      219.0526             nan     0.1000   11.8044
     6      209.1524             nan     0.1000    9.8618
     7      200.5930             nan     0.1000    8.4825
     8      193.3028             nan     0.1000    7.2729
     9      187.0313             nan     0.1000    6.2891
    10      180.7721             nan     0.1000    6.2813
    20      150.6586             nan     0.1000    1.6061
    40      135.7026             nan     0.1000    0.3525
    60      131.3087             nan     0.1000    0.1707
    80      129.1604             nan     0.1000    0.1287
   100      127.7775             nan     0.1000    0.0697
   120      126.6391             nan     0.1000    0.0779
   140      125.8302             nan     0.1000    0.0227
   150      125.5131             nan     0.1000    0.0022

Iter   TrainDeviance   ValidDeviance   StepSize   Improve
     1      278.5422             nan     0.1000   27.3135
     2      256.3899             nan     0.1000   22.3255
     3      238.1572             nan     0.1000   18.2414
     4      223.1963             nan     0.1000   14.9180
     5      210.7765             nan     0.1000   12.4245
     6      200.6278             nan     0.1000   10.0684
     7      191.9427             nan     0.1000    8.6521
     8      184.6254             nan     0.1000    7.2555
     9      178.1678             nan     0.1000    6.4620
    10      172.8343             nan     0.1000    5.2562
    20      143.6480             nan     0.1000    1.5372
    40      130.1889             nan     0.1000    0.2759
    60      126.5995             nan     0.1000    0.0636
    80      124.5825             nan     0.1000    0.0425
   100      123.1593             nan     0.1000    0.0357
   120      121.7699             nan     0.1000    0.0187
   140      120.6404             nan     0.1000    0.0661
   150      120.2701             nan     0.1000    0.0097

Iter   TrainDeviance   ValidDeviance   StepSize   Improve
     1      285.4800             nan     0.1000   20.5644
     2      268.7563             nan     0.1000   16.6639
     3      255.1535             nan     0.1000   13.6093
     4      243.9586             nan     0.1000   11.1535
     5      234.7434             nan     0.1000    9.2470
     6      226.0160             nan     0.1000    8.7914
     7      218.7513             nan     0.1000    7.2285
     8      211.6739             nan     0.1000    7.0776
     9      205.6535             nan     0.1000    6.0723
    10      200.1388             nan     0.1000    5.5134
    20      166.1925             nan     0.1000    2.1989
    40      144.3512             nan     0.1000    0.4818
    60      138.6768             nan     0.1000    0.1854
    80      135.6635             nan     0.1000    0.1006
   100      133.8135             nan     0.1000    0.0710
   120      132.6290             nan     0.1000    0.0458
   140      131.7821             nan     0.1000    0.0336
   150      131.4316             nan     0.1000    0.0293

Iter   TrainDeviance   ValidDeviance   StepSize   Improve
     1      281.8935             nan     0.1000   24.2696
     2      262.1860             nan     0.1000   19.7189
     3      245.2421             nan     0.1000   16.9992
     4      231.4120             nan     0.1000   13.8862
     5      219.3669             nan     0.1000   12.0051
     6      209.4707             nan     0.1000    9.8591
     7      200.6684             nan     0.1000    8.7863
     8      193.6755             nan     0.1000    7.0166
     9      187.2122             nan     0.1000    6.4932
    10      181.0199             nan     0.1000    6.1469
    20      150.8629             nan     0.1000    1.8390
    40      135.7551             nan     0.1000    0.3650
    60      131.5278             nan     0.1000    0.1461
    80      129.4068             nan     0.1000    0.0802
   100      128.0071             nan     0.1000    0.0637
   120      126.9794             nan     0.1000    0.0061
   140      126.0545             nan     0.1000    0.0100
   150      125.6790             nan     0.1000    0.0231

Iter   TrainDeviance   ValidDeviance   StepSize   Improve
     1      278.6651             nan     0.1000   27.4216
     2      256.4685             nan     0.1000   22.2866
     3      238.2641             nan     0.1000   18.1975
     4      223.3379             nan     0.1000   14.9313
     5      210.9722             nan     0.1000   12.3532
     6      200.8344             nan     0.1000   10.1134
     7      192.1788             nan     0.1000    8.6896
     8      184.8109             nan     0.1000    7.3356
     9      178.5535             nan     0.1000    6.2483
    10      173.1436             nan     0.1000    5.3477
    20      143.5167             nan     0.1000    1.6515
    40      130.1532             nan     0.1000    0.2564
    60      126.4442             nan     0.1000    0.0810
    80      124.4964             nan     0.1000    0.0377
   100      123.0409             nan     0.1000    0.0524
   120      121.7019             nan     0.1000    0.0278
   140      120.6321             nan     0.1000    0.0187
   150      120.1747             nan     0.1000    0.0228

Iter   TrainDeviance   ValidDeviance   StepSize   Improve
     1      286.4576             nan     0.1000   20.5654
     2      269.6868             nan     0.1000   16.6811
     3      256.0374             nan     0.1000   13.6456
     4      244.7916             nan     0.1000   11.2163
     5      235.5449             nan     0.1000    9.2152
     6      226.6978             nan     0.1000    8.8706
     7      219.3512             nan     0.1000    7.3139
     8      212.3775             nan     0.1000    6.9815
     9      206.4257             nan     0.1000    5.9322
    10      200.8079             nan     0.1000    5.5621
    20      166.9908             nan     0.1000    2.2172
    40      145.0403             nan     0.1000    0.4948
    60      139.3942             nan     0.1000    0.1754
    80      136.3813             nan     0.1000    0.1131
   100      134.5681             nan     0.1000    0.0760
   120      133.3727             nan     0.1000    0.0509
   140      132.5262             nan     0.1000    0.0381
   150      132.1996             nan     0.1000    0.0082

Iter   TrainDeviance   ValidDeviance   StepSize   Improve
     1      282.6684             nan     0.1000   24.0676
     2      262.7884             nan     0.1000   19.8628
     3      246.0303             nan     0.1000   16.7444
     4      232.0464             nan     0.1000   14.0216
     5      220.1924             nan     0.1000   11.8495
     6      210.3185             nan     0.1000    9.8974
     7      201.8465             nan     0.1000    8.4938
     8      194.3958             nan     0.1000    7.4113
     9      188.1195             nan     0.1000    6.2547
    10      181.7444             nan     0.1000    6.3735
    20      151.6768             nan     0.1000    1.5586
    40      136.5045             nan     0.1000    0.3513
    60      132.2232             nan     0.1000    0.1790
    80      130.1720             nan     0.1000    0.0574
   100      128.7154             nan     0.1000    0.0328
   120      127.5099             nan     0.1000    0.0493
   140      126.7076             nan     0.1000    0.0603
   150      126.3117             nan     0.1000    0.0301

Iter   TrainDeviance   ValidDeviance   StepSize   Improve
     1      279.5670             nan     0.1000   27.3981
     2      257.2998             nan     0.1000   22.2271
     3      239.1148             nan     0.1000   18.0446
     4      223.9941             nan     0.1000   15.0408
     5      211.6629             nan     0.1000   12.3243
     6      201.4050             nan     0.1000   10.2007
     7      192.7773             nan     0.1000    8.6313
     8      185.4411             nan     0.1000    7.2879
     9      178.9903             nan     0.1000    6.3877
    10      173.5775             nan     0.1000    5.4053
    20      144.3737             nan     0.1000    1.5605
    40      130.8575             nan     0.1000    0.2559
    60      127.0399             nan     0.1000    0.0993
    80      125.0755             nan     0.1000    0.0723
   100      123.3341             nan     0.1000    0.0522
   120      122.1339             nan     0.1000    0.0214
   140      121.1361             nan     0.1000    0.0185
   150      120.6760             nan     0.1000    0.0228

Iter   TrainDeviance   ValidDeviance   StepSize   Improve
     1      285.6439             nan     0.1000   20.5590
     2      268.8584             nan     0.1000   16.7158
     3      255.1531             nan     0.1000   13.6758
     4      244.0191             nan     0.1000   11.1133
     5      234.9207             nan     0.1000    9.1664
     6      226.0862             nan     0.1000    8.8196
     7      218.7504             nan     0.1000    7.4027
     8      211.7958             nan     0.1000    6.9762
     9      205.8603             nan     0.1000    5.9583
    10      200.2367             nan     0.1000    5.5788
    20      166.3339             nan     0.1000    2.2055
    40      144.3614             nan     0.1000    0.4804
    60      138.6632             nan     0.1000    0.1924
    80      135.6478             nan     0.1000    0.1158
   100      133.7935             nan     0.1000    0.0701
   120      132.6000             nan     0.1000    0.0158
   140      131.7275             nan     0.1000    0.0354
   150      131.3641             nan     0.1000    0.0324

Iter   TrainDeviance   ValidDeviance   StepSize   Improve
     1      281.9811             nan     0.1000   24.1556
     2      262.1518             nan     0.1000   19.7440
     3      245.2112             nan     0.1000   16.9845
     4      231.4883             nan     0.1000   13.8009
     5      219.5576             nan     0.1000   11.8957
     6      209.6473             nan     0.1000    9.9582
     7      200.8607             nan     0.1000    8.7568
     8      193.7124             nan     0.1000    7.0862
     9      187.2184             nan     0.1000    6.4963
    10      181.9951             nan     0.1000    5.2381
    20      150.5857             nan     0.1000    1.6195
    40      135.7197             nan     0.1000    0.2872
    60      131.4674             nan     0.1000    0.1215
    80      129.3005             nan     0.1000    0.0702
   100      127.7856             nan     0.1000    0.1031
   120      126.6708             nan     0.1000    0.0066
   140      125.7610             nan     0.1000    0.0316
   150      125.3557             nan     0.1000    0.0284

Iter   TrainDeviance   ValidDeviance   StepSize   Improve
     1      278.8666             nan     0.1000   27.4599
     2      256.5851             nan     0.1000   22.3110
     3      238.4438             nan     0.1000   18.1653
     4      223.4621             nan     0.1000   14.9331
     5      211.1173             nan     0.1000   12.3614
     6      200.7893             nan     0.1000   10.3257
     7      192.1696             nan     0.1000    8.6269
     8      184.8480             nan     0.1000    7.3263
     9      178.1232             nan     0.1000    6.6973
    10      172.6640             nan     0.1000    5.4476
    20      143.7317             nan     0.1000    1.5699
    40      130.1905             nan     0.1000    0.2984
    60      126.1371             nan     0.1000    0.1705
    80      124.0997             nan     0.1000    0.1281
   100      122.7174             nan     0.1000    0.0228
   120      121.4402             nan     0.1000    0.0540
   140      120.3827             nan     0.1000    0.1225
   150      119.9077             nan     0.1000    0.0836

Iter   TrainDeviance   ValidDeviance   StepSize   Improve
     1      285.5609             nan     0.1000   20.5769
     2      268.8324             nan     0.1000   16.8006
     3      255.2204             nan     0.1000   13.6893
     4      244.0281             nan     0.1000   11.2050
     5      234.7169             nan     0.1000    9.2787
     6      225.8656             nan     0.1000    8.7783
     7      218.5226             nan     0.1000    7.3067
     8      211.5428             nan     0.1000    6.9668
     9      205.4502             nan     0.1000    6.0447
    10      199.9400             nan     0.1000    5.5277
    20      166.1070             nan     0.1000    2.2084
    40      144.3299             nan     0.1000    0.4602
    60      138.6292             nan     0.1000    0.1953
    80      135.6276             nan     0.1000    0.1078
   100      133.7734             nan     0.1000    0.0279
   120      132.5667             nan     0.1000    0.0480
   140      131.6709             nan     0.1000    0.0349
   150      131.3200             nan     0.1000    0.0061

Iter   TrainDeviance   ValidDeviance   StepSize   Improve
     1      281.8075             nan     0.1000   24.3224
     2      261.8452             nan     0.1000   19.9618
     3      245.0877             nan     0.1000   16.7731
     4      231.2034             nan     0.1000   13.9570
     5      219.1687             nan     0.1000   12.0052
     6      209.2006             nan     0.1000    9.9505
     7      200.7884             nan     0.1000    8.3972
     8      193.4741             nan     0.1000    7.2902
     9      187.2069             nan     0.1000    6.2376
    10      181.6862             nan     0.1000    5.5259
    20      150.4251             nan     0.1000    1.6537
    40      135.3995             nan     0.1000    0.3751
    60      131.0217             nan     0.1000    0.0907
    80      128.8635             nan     0.1000    0.1139
   100      127.4209             nan     0.1000    0.0534
   120      126.2114             nan     0.1000    0.0810
   140      125.2574             nan     0.1000    0.0238
   150      124.8545             nan     0.1000    0.0497

Iter   TrainDeviance   ValidDeviance   StepSize   Improve
     1      278.7529             nan     0.1000   27.3274
     2      256.5555             nan     0.1000   22.2527
     3      238.2295             nan     0.1000   18.2431
     4      223.2513             nan     0.1000   14.9803
     5      210.7692             nan     0.1000   12.4358
     6      200.6478             nan     0.1000   10.1250
     7      192.0691             nan     0.1000    8.5672
     8      184.7139             nan     0.1000    7.3581
     9      178.2660             nan     0.1000    6.4089
    10      172.8508             nan     0.1000    5.4197
    20      144.1716             nan     0.1000    1.5232
    40      130.3708             nan     0.1000    0.3101
    60      126.5631             nan     0.1000    0.1167
    80      124.2545             nan     0.1000    0.0642
   100      122.8925             nan     0.1000    0.0253
   120      121.7126             nan     0.1000    0.0196
   140      120.5266             nan     0.1000    0.0279
   150      120.0293             nan     0.1000    0.0127

Iter   TrainDeviance   ValidDeviance   StepSize   Improve
     1      285.4692             nan     0.1000   20.5361
     2      268.8792             nan     0.1000   16.6896
     3      255.1138             nan     0.1000   13.6587
     4      243.9732             nan     0.1000   11.1492
     5      234.7081             nan     0.1000    9.2567
     6      225.9570             nan     0.1000    8.8375
     7      218.6205             nan     0.1000    7.3092
     8      211.6709             nan     0.1000    6.9139
     9      205.6932             nan     0.1000    5.9898
    10      200.1173             nan     0.1000    5.5548
    20      166.2808             nan     0.1000    2.1418
    40      144.4112             nan     0.1000    0.4727
    60      138.6795             nan     0.1000    0.1954
    80      135.6818             nan     0.1000    0.1135
   100      133.8207             nan     0.1000    0.0696
   120      132.6045             nan     0.1000    0.0483
   140      131.7474             nan     0.1000    0.0220
   150      131.4208             nan     0.1000    0.0059

Iter   TrainDeviance   ValidDeviance   StepSize   Improve
     1      281.6953             nan     0.1000   24.3309
     2      261.8477             nan     0.1000   19.8593
     3      245.4740             nan     0.1000   16.4321
     4      231.5684             nan     0.1000   13.9456
     5      219.6610             nan     0.1000   11.9665
     6      209.7418             nan     0.1000    9.9102
     7      201.0012             nan     0.1000    8.7439
     8      193.8569             nan     0.1000    7.1095
     9      187.2600             nan     0.1000    6.5559
    10      181.9808             nan     0.1000    5.2536
    20      150.8355             nan     0.1000    1.7969
    40      135.7715             nan     0.1000    0.3727
    60      131.5304             nan     0.1000    0.1575
    80      129.4538             nan     0.1000    0.0409
   100      128.0653             nan     0.1000    0.0226
   120      126.8875             nan     0.1000    0.0354
   140      125.9168             nan     0.1000    0.0203
   150      125.4947             nan     0.1000    0.0373

Iter   TrainDeviance   ValidDeviance   StepSize   Improve
     1      278.6322             nan     0.1000   27.3393
     2      256.4559             nan     0.1000   22.2243
     3      238.2647             nan     0.1000   18.1754
     4      223.2632             nan     0.1000   14.8820
     5      210.9423             nan     0.1000   12.3798
     6      200.7656             nan     0.1000   10.1233
     7      192.0663             nan     0.1000    8.6761
     8      184.7105             nan     0.1000    7.3536
     9      178.4391             nan     0.1000    6.2780
    10      173.0514             nan     0.1000    5.4119
    20      144.3532             nan     0.1000    1.6694
    40      130.7493             nan     0.1000    0.3125
    60      126.6697             nan     0.1000    0.1131
    80      124.5822             nan     0.1000    0.0452
   100      123.1279             nan     0.1000    0.0480
   120      121.6759             nan     0.1000    0.1073
   140      120.6381             nan     0.1000    0.0490
   150      120.1205             nan     0.1000    0.0243

Iter   TrainDeviance   ValidDeviance   StepSize   Improve
     1      285.6249             nan     0.1000   20.5433
     2      268.9602             nan     0.1000   16.6445
     3      255.3645             nan     0.1000   13.6195
     4      244.1905             nan     0.1000   11.1852
     5      235.0295             nan     0.1000    9.1735
     6      226.1821             nan     0.1000    8.8680
     7      218.8663             nan     0.1000    7.3559
     8      211.9124             nan     0.1000    6.9841
     9      206.0321             nan     0.1000    5.8719
    10      200.4150             nan     0.1000    5.5658
    20      166.5234             nan     0.1000    2.2236
    40      144.6347             nan     0.1000    0.4642
    60      138.9096             nan     0.1000    0.1921
    80      135.9234             nan     0.1000    0.1013
   100      134.0501             nan     0.1000    0.0643
   120      132.8474             nan     0.1000    0.0477
   140      131.9807             nan     0.1000    0.0349
   150      131.6360             nan     0.1000    0.0312

Iter   TrainDeviance   ValidDeviance   StepSize   Improve
     1      282.0766             nan     0.1000   24.2530
     2      262.1081             nan     0.1000   19.9743
     3      245.3282             nan     0.1000   16.7703
     4      231.3352             nan     0.1000   13.9423
     5      219.4687             nan     0.1000   11.8526
     6      209.5896             nan     0.1000    9.8440
     7      201.0141             nan     0.1000    8.4924
     8      193.6583             nan     0.1000    7.2838
     9      187.4022             nan     0.1000    6.2586
    10      181.9284             nan     0.1000    5.4866
    20      150.9421             nan     0.1000    1.6482
    40      135.8571             nan     0.1000    0.3659
    60      131.4049             nan     0.1000    0.1626
    80      129.1989             nan     0.1000    0.1095
   100      127.7264             nan     0.1000    0.0925
   120      126.5859             nan     0.1000    0.0290
   140      125.7159             nan     0.1000    0.0552
   150      125.3585             nan     0.1000    0.0285

Iter   TrainDeviance   ValidDeviance   StepSize   Improve
     1      278.9592             nan     0.1000   27.4296
     2      256.7095             nan     0.1000   22.3185
     3      238.4466             nan     0.1000   18.2166
     4      223.5514             nan     0.1000   14.8556
     5      211.2190             nan     0.1000   12.3956
     6      201.0302             nan     0.1000   10.1668
     7      192.3188             nan     0.1000    8.7529
     8      185.0596             nan     0.1000    7.2342
     9      178.6025             nan     0.1000    6.4907
    10      173.2785             nan     0.1000    5.3293
    20      144.0430             nan     0.1000    1.5089
    40      130.5545             nan     0.1000    0.2946
    60      126.5253             nan     0.1000    0.1715
    80      124.5268             nan     0.1000    0.0474
   100      123.2284             nan     0.1000    0.0581
   120      121.8558             nan     0.1000    0.0294
   140      121.0228             nan     0.1000    0.0180
   150      120.3752             nan     0.1000    0.0075

Iter   TrainDeviance   ValidDeviance   StepSize   Improve
     1      285.4182             nan     0.1000   20.5846
     2      268.7997             nan     0.1000   16.7027
     3      255.1233             nan     0.1000   13.6295
     4      243.9245             nan     0.1000   11.1773
     5      234.7290             nan     0.1000    9.2673
     6      225.8920             nan     0.1000    8.7680
     7      218.5430             nan     0.1000    7.3299
     8      211.5725             nan     0.1000    6.9618
     9      205.5628             nan     0.1000    5.9947
    10      200.0231             nan     0.1000    5.5342
    20      166.1842             nan     0.1000    2.1905
    40      144.3759             nan     0.1000    0.4593
    60      138.6536             nan     0.1000    0.1870
    80      135.6523             nan     0.1000    0.1103
   100      133.8071             nan     0.1000    0.0692
   120      132.6046             nan     0.1000    0.0502
   140      131.7297             nan     0.1000    0.0381
   150      131.3666             nan     0.1000    0.0301

Iter   TrainDeviance   ValidDeviance   StepSize   Improve
     1      281.6522             nan     0.1000   24.2917
     2      261.6631             nan     0.1000   19.9532
     3      245.0235             nan     0.1000   16.6758
     4      231.1274             nan     0.1000   13.9449
     5      219.2423             nan     0.1000   11.9225
     6      209.4040             nan     0.1000    9.8270
     7      200.7094             nan     0.1000    8.6968
     8      193.4133             nan     0.1000    7.2733
     9      187.0750             nan     0.1000    6.3648
    10      180.8166             nan     0.1000    6.2869
    20      150.7892             nan     0.1000    1.6086
    40      135.7784             nan     0.1000    0.3181
    60      131.3038             nan     0.1000    0.1515
    80      129.2096             nan     0.1000    0.0828
   100      127.6892             nan     0.1000    0.0283
   120      126.4656             nan     0.1000    0.0407
   140      125.6263             nan     0.1000    0.0638
   150      125.1985             nan     0.1000    0.0032

Iter   TrainDeviance   ValidDeviance   StepSize   Improve
     1      278.5888             nan     0.1000   27.3861
     2      256.3782             nan     0.1000   22.2245
     3      238.1268             nan     0.1000   18.2116
     4      223.1980             nan     0.1000   14.8642
     5      210.7638             nan     0.1000   12.3769
     6      200.6015             nan     0.1000   10.2014
     7      191.9596             nan     0.1000    8.6620
     8      184.6733             nan     0.1000    7.2408
     9      178.3760             nan     0.1000    6.2661
    10      172.7676             nan     0.1000    5.5886
    20      143.7106             nan     0.1000    1.4301
    40      130.2868             nan     0.1000    0.3540
    60      126.4395             nan     0.1000    0.0960
    80      124.3009             nan     0.1000    0.0823
   100      122.7511             nan     0.1000    0.1179
   120      121.5662             nan     0.1000    0.0504
   140      120.6786             nan     0.1000    0.0212
   150      120.3212             nan     0.1000    0.0118

Iter   TrainDeviance   ValidDeviance   StepSize   Improve
     1      285.2350             nan     0.1000   20.5437
     2      268.4515             nan     0.1000   16.6682
     3      254.8054             nan     0.1000   13.6393
     4      243.6500             nan     0.1000   11.1751
     5      234.3603             nan     0.1000    9.2437
     6      225.5703             nan     0.1000    8.7681
     7      218.2566             nan     0.1000    7.2814
     8      211.2633             nan     0.1000    6.9385
     9      205.2364             nan     0.1000    6.0155
    10      199.7951             nan     0.1000    5.4274
    20      165.9754             nan     0.1000    2.1745
    40      144.1550             nan     0.1000    0.4871
    60      138.4145             nan     0.1000    0.1985
    80      135.4308             nan     0.1000    0.1186
   100      133.5605             nan     0.1000    0.0705
   120      132.3545             nan     0.1000    0.0506
   140      131.4929             nan     0.1000    0.0331
   150      131.1414             nan     0.1000    0.0274

Iter   TrainDeviance   ValidDeviance   StepSize   Improve
     1      281.6164             nan     0.1000   24.2741
     2      261.6088             nan     0.1000   19.9497
     3      244.9062             nan     0.1000   16.7204
     4      230.8712             nan     0.1000   13.9488
     5      218.9683             nan     0.1000   11.8915
     6      209.0607             nan     0.1000    9.8952
     7      200.5402             nan     0.1000    8.5365
     8      193.3098             nan     0.1000    7.2264
     9      186.9898             nan     0.1000    6.2765
    10      180.6735             nan     0.1000    6.2877
    20      150.6151             nan     0.1000    1.7408
    40      135.6719             nan     0.1000    0.3433
    60      131.3351             nan     0.1000    0.1309
    80      129.2715             nan     0.1000    0.1204
   100      127.7639             nan     0.1000    0.0634
   120      126.6436             nan     0.1000    0.0548
   140      125.8790             nan     0.1000    0.0285
   150      125.5940             nan     0.1000    0.0191

Iter   TrainDeviance   ValidDeviance   StepSize   Improve
     1      278.5541             nan     0.1000   27.2489
     2      256.3015             nan     0.1000   22.2337
     3      238.0592             nan     0.1000   18.2418
     4      223.1981             nan     0.1000   14.9314
     5      210.7478             nan     0.1000   12.4703
     6      200.6219             nan     0.1000   10.0830
     7      191.9296             nan     0.1000    8.6752
     8      184.5007             nan     0.1000    7.3705
     9      178.2092             nan     0.1000    6.2833
    10      172.6396             nan     0.1000    5.5440
    20      143.5823             nan     0.1000    1.6651
    40      130.2724             nan     0.1000    0.2736
    60      126.4369             nan     0.1000    0.1088
    80      124.3278             nan     0.1000    0.0874
   100      122.6706             nan     0.1000    0.0485
   120      121.3933             nan     0.1000    0.0381
   140      120.4080             nan     0.1000    0.0213
   150      119.9054             nan     0.1000    0.0514

Iter   TrainDeviance   ValidDeviance   StepSize   Improve
     1      285.3826             nan     0.1000   20.5039
     2      268.6899             nan     0.1000   16.6472
     3      255.1563             nan     0.1000   13.6030
     4      243.9358             nan     0.1000   11.1822
     5      234.6740             nan     0.1000    9.2192
     6      225.8873             nan     0.1000    8.7436
     7      218.5963             nan     0.1000    7.2919
     8      211.6016             nan     0.1000    6.9693
     9      205.6299             nan     0.1000    5.9949
    10      200.0992             nan     0.1000    5.5708
    20      166.3514             nan     0.1000    2.1635
    40      144.4724             nan     0.1000    0.4656
    60      138.7593             nan     0.1000    0.1848
    80      135.7643             nan     0.1000    0.1076
   100      133.9159             nan     0.1000    0.0776
   120      132.7119             nan     0.1000    0.0461
   140      131.8748             nan     0.1000    0.0350
   150      131.5376             nan     0.1000    0.0313

Iter   TrainDeviance   ValidDeviance   StepSize   Improve
     1      281.7083             nan     0.1000   24.1599
     2      261.8228             nan     0.1000   19.8270
     3      245.4333             nan     0.1000   16.3423
     4      231.4421             nan     0.1000   13.9652
     5      219.5110             nan     0.1000   11.9438
     6      209.6018             nan     0.1000    9.8813
     7      200.9480             nan     0.1000    8.6588
     8      193.8433             nan     0.1000    7.0779
     9      187.2558             nan     0.1000    6.5667
    10      181.0238             nan     0.1000    6.2145
    20      150.5504             nan     0.1000    1.5362
    40      135.3611             nan     0.1000    0.4020
    60      130.9286             nan     0.1000    0.1755
    80      128.7903             nan     0.1000    0.0427
   100      127.4507             nan     0.1000    0.0730
   120      126.3447             nan     0.1000    0.0519
   140      125.5161             nan     0.1000    0.0748
   150      125.1419             nan     0.1000    0.0043

Iter   TrainDeviance   ValidDeviance   StepSize   Improve
     1      278.6285             nan     0.1000   27.2455
     2      256.4833             nan     0.1000   22.2406
     3      238.4165             nan     0.1000   18.1414
     4      223.3468             nan     0.1000   14.8671
     5      211.0568             nan     0.1000   12.2905
     6      200.7990             nan     0.1000   10.3202
     7      192.0694             nan     0.1000    8.7283
     8      184.6221             nan     0.1000    7.4658
     9      178.3970             nan     0.1000    6.1547
    10      173.0300             nan     0.1000    5.3597
    20      143.2986             nan     0.1000    1.5602
    40      130.1309             nan     0.1000    0.2673
    60      126.5317             nan     0.1000    0.0859
    80      124.4471             nan     0.1000    0.0615
   100      123.0316             nan     0.1000    0.0303
   120      122.0350             nan     0.1000    0.0184
   140      120.9325             nan     0.1000    0.0026
   150      120.4911             nan     0.1000    0.0163

Iter   TrainDeviance   ValidDeviance   StepSize   Improve
     1      285.7991             nan     0.1000   20.5524
     2      269.0920             nan     0.1000   16.6818
     3      255.5528             nan     0.1000   13.5930
     4      244.4112             nan     0.1000   11.1725
     5      235.1627             nan     0.1000    9.2316
     6      226.3282             nan     0.1000    8.7970
     7      218.9604             nan     0.1000    7.3561
     8      212.0119             nan     0.1000    6.8822
     9      206.0900             nan     0.1000    5.9872
    10      200.5762             nan     0.1000    5.4594
    20      166.7669             nan     0.1000    2.2214
    40      144.7705             nan     0.1000    0.4902
    60      139.0598             nan     0.1000    0.1974
    80      136.0402             nan     0.1000    0.1074
   100      134.1762             nan     0.1000    0.0757
   120      132.9682             nan     0.1000    0.0490
   140      132.1001             nan     0.1000    0.0317
   150      131.7434             nan     0.1000    0.0270

Iter   TrainDeviance   ValidDeviance   StepSize   Improve
     1      282.2600             nan     0.1000   24.0973
     2      262.3769             nan     0.1000   19.8544
     3      245.4423             nan     0.1000   16.9773
     4      231.7696             nan     0.1000   13.6887
     5      219.8996             nan     0.1000   11.8998
     6      210.0351             nan     0.1000    9.8364
     7      201.4532             nan     0.1000    8.5460
     8      194.0578             nan     0.1000    7.4301
     9      187.7239             nan     0.1000    6.2952
    10      181.3326             nan     0.1000    6.3498
    20      150.7542             nan     0.1000    1.6764
    40      135.5162             nan     0.1000    0.3703
    60      131.0421             nan     0.1000    0.0894
    80      128.9285             nan     0.1000    0.0309
   100      127.3636             nan     0.1000    0.0977
   120      126.3093             nan     0.1000    0.0708
   140      125.4889             nan     0.1000    0.0358
   150      125.1473             nan     0.1000    0.0115

Iter   TrainDeviance   ValidDeviance   StepSize   Improve
     1      279.0426             nan     0.1000   27.3634
     2      256.7341             nan     0.1000   22.2812
     3      238.4970             nan     0.1000   18.1912
     4      223.5705             nan     0.1000   14.9298
     5      211.1222             nan     0.1000   12.4025
     6      200.9069             nan     0.1000   10.1854
     7      192.2516             nan     0.1000    8.6496
     8      185.0167             nan     0.1000    7.1894
     9      178.6080             nan     0.1000    6.3416
    10      173.2085             nan     0.1000    5.3939
    20      144.6184             nan     0.1000    1.6087
    40      130.8694             nan     0.1000    0.2969
    60      126.9099             nan     0.1000    0.1681
    80      124.9763             nan     0.1000    0.0839
   100      123.6392             nan     0.1000    0.0792
   120      122.3308             nan     0.1000    0.0209
   140      121.2784             nan     0.1000    0.0708
   150      120.7056             nan     0.1000    0.0624

Iter   TrainDeviance   ValidDeviance   StepSize   Improve
     1      285.8035             nan     0.1000   20.5699
     2      269.1262             nan     0.1000   16.7166
     3      255.4606             nan     0.1000   13.6999
     4      244.2871             nan     0.1000   11.2261
     5      235.0401             nan     0.1000    9.2937
     6      226.1950             nan     0.1000    8.8607
     7      218.7996             nan     0.1000    7.3604
     8      211.8007             nan     0.1000    6.9710
     9      205.7974             nan     0.1000    6.0011
    10      200.2372             nan     0.1000    5.5515
    20      166.2426             nan     0.1000    2.1930
    40      144.3213             nan     0.1000    0.4677
    60      138.6174             nan     0.1000    0.1848
    80      135.6351             nan     0.1000    0.1180
   100      133.8226             nan     0.1000    0.0689
   120      132.6282             nan     0.1000    0.0538
   140      131.7404             nan     0.1000    0.0319
   150      131.3903             nan     0.1000    0.0071

Iter   TrainDeviance   ValidDeviance   StepSize   Improve
     1      282.0450             nan     0.1000   24.4166
     2      262.0616             nan     0.1000   20.0186
     3      245.2265             nan     0.1000   16.8572
     4      231.2358             nan     0.1000   13.9572
     5      219.2760             nan     0.1000   11.9138
     6      209.4687             nan     0.1000    9.7702
     7      200.9278             nan     0.1000    8.5274
     8      193.5367             nan     0.1000    7.4161
     9      187.1987             nan     0.1000    6.3044
    10      181.5987             nan     0.1000    5.5879
    20      150.5221             nan     0.1000    1.6855
    40      135.3005             nan     0.1000    0.3584
    60      130.9046             nan     0.1000    0.1460
    80      128.8383             nan     0.1000    0.0341
   100      127.4352             nan     0.1000    0.0490
   120      126.3092             nan     0.1000    0.0128
   140      125.3567             nan     0.1000    0.0295
   150      124.9709             nan     0.1000    0.0500

Iter   TrainDeviance   ValidDeviance   StepSize   Improve
     1      278.9217             nan     0.1000   27.4084
     2      256.5801             nan     0.1000   22.3084
     3      238.3153             nan     0.1000   18.2074
     4      223.3359             nan     0.1000   14.9559
     5      210.9741             nan     0.1000   12.3589
     6      200.8030             nan     0.1000   10.1651
     7      192.1284             nan     0.1000    8.6524
     8      184.7725             nan     0.1000    7.3588
     9      178.4401             nan     0.1000    6.3503
    10      172.9642             nan     0.1000    5.4629
    20      143.8590             nan     0.1000    1.5272
    40      130.3595             nan     0.1000    0.3211
    60      126.5334             nan     0.1000    0.0934
    80      124.3665             nan     0.1000    0.0680
   100      122.9255             nan     0.1000    0.0995
   120      121.9554             nan     0.1000    0.0199
   140      120.7769             nan     0.1000    0.0170
   150      120.2351             nan     0.1000    0.0588

Iter   TrainDeviance   ValidDeviance   StepSize   Improve
     1      285.8203             nan     0.1000   20.5554
     2      269.0637             nan     0.1000   16.7142
     3      255.4559             nan     0.1000   13.6423
     4      244.2810             nan     0.1000   11.1391
     5      235.0564             nan     0.1000    9.2553
     6      226.2612             nan     0.1000    8.8423
     7      218.9032             nan     0.1000    7.3532
     8      211.9733             nan     0.1000    6.9964
     9      206.0342             nan     0.1000    5.9595
    10      200.4719             nan     0.1000    5.5709
    20      166.4892             nan     0.1000    2.2013
    40      144.5744             nan     0.1000    0.4714
    60      138.8699             nan     0.1000    0.1828
    80      135.8630             nan     0.1000    0.1112
   100      133.9945             nan     0.1000    0.0662
   120      132.8031             nan     0.1000    0.0550
   140      131.9442             nan     0.1000    0.0352
   150      131.5995             nan     0.1000    0.0307

Iter   TrainDeviance   ValidDeviance   StepSize   Improve
     1      282.0452             nan     0.1000   24.2800
     2      262.1956             nan     0.1000   19.8336
     3      245.5003             nan     0.1000   16.7528
     4      231.4661             nan     0.1000   14.0329
     5      219.5447             nan     0.1000   11.8355
     6      209.6450             nan     0.1000    9.9111
     7      201.0437             nan     0.1000    8.5609
     8      193.6373             nan     0.1000    7.3413
     9      187.4190             nan     0.1000    6.2450
    10      181.1110             nan     0.1000    6.3140
    20      151.1497             nan     0.1000    1.5934
    40      136.2310             nan     0.1000    0.3616
    60      131.9067             nan     0.1000    0.1328
    80      129.7809             nan     0.1000    0.0890
   100      128.3891             nan     0.1000    0.0587
   120      127.2932             nan     0.1000    0.0245
   140      126.3711             nan     0.1000    0.0302
   150      126.0214             nan     0.1000    0.0319

Iter   TrainDeviance   ValidDeviance   StepSize   Improve
     1      278.8769             nan     0.1000   27.3401
     2      256.7011             nan     0.1000   22.1250
     3      238.4748             nan     0.1000   18.2969
     4      223.5361             nan     0.1000   14.8587
     5      211.0965             nan     0.1000   12.4124
     6      200.9704             nan     0.1000   10.1436
     7      192.3525             nan     0.1000    8.6059
     8      184.9482             nan     0.1000    7.3689
     9      178.5964             nan     0.1000    6.3616
    10      173.2308             nan     0.1000    5.3558
    20      144.1455             nan     0.1000    1.6852
    40      130.5194             nan     0.1000    0.2932
    60      126.7418             nan     0.1000    0.0650
    80      124.8184             nan     0.1000    0.0605
   100      123.1490             nan     0.1000    0.0200
   120      121.7304             nan     0.1000    0.0535
   140      120.6775             nan     0.1000    0.1317
   150      120.4297             nan     0.1000    0.0260

Iter   TrainDeviance   ValidDeviance   StepSize   Improve
     1      285.4048             nan     0.1000   20.5269
     2      268.6543             nan     0.1000   16.6760
     3      254.9495             nan     0.1000   13.6492
     4      243.7211             nan     0.1000   11.1523
     5      234.4890             nan     0.1000    9.2091
     6      225.6581             nan     0.1000    8.7655
     7      218.4241             nan     0.1000    7.2042
     8      211.3743             nan     0.1000    7.0910
     9      205.3147             nan     0.1000    6.0420
    10      199.7944             nan     0.1000    5.5222
    20      166.0814             nan     0.1000    2.2209
    40      144.1612             nan     0.1000    0.4819
    60      138.4500             nan     0.1000    0.1941
    80      135.4679             nan     0.1000    0.1061
   100      133.6149             nan     0.1000    0.0739
   120      132.4282             nan     0.1000    0.0447
   140      131.5563             nan     0.1000    0.0367
   150      131.2091             nan     0.1000    0.0166

Iter   TrainDeviance   ValidDeviance   StepSize   Improve
     1      281.7785             nan     0.1000   24.3127
     2      261.8142             nan     0.1000   19.9526
     3      245.1237             nan     0.1000   16.7235
     4      231.2714             nan     0.1000   13.8268
     5      219.2183             nan     0.1000   12.0234
     6      209.3316             nan     0.1000    9.8544
     7      200.5373             nan     0.1000    8.7705
     8      193.3858             nan     0.1000    7.1405
     9      186.8611             nan     0.1000    6.5232
    10      180.5970             nan     0.1000    6.1884
    20      150.1893             nan     0.1000    1.6243
    40      135.1129             nan     0.1000    0.3386
    60      130.5561             nan     0.1000    0.1532
    80      128.4593             nan     0.1000    0.0467
   100      126.9762             nan     0.1000    0.0688
   120      125.8674             nan     0.1000    0.0401
   140      125.0382             nan     0.1000    0.0328
   150      124.5992             nan     0.1000    0.0440

Iter   TrainDeviance   ValidDeviance   StepSize   Improve
     1      278.5739             nan     0.1000   27.3194
     2      256.2904             nan     0.1000   22.3028
     3      238.1184             nan     0.1000   18.2276
     4      223.1405             nan     0.1000   14.8937
     5      210.7580             nan     0.1000   12.3510
     6      200.5712             nan     0.1000   10.1493
     7      191.9449             nan     0.1000    8.6169
     8      184.7500             nan     0.1000    7.1999
     9      178.2285             nan     0.1000    6.4590
    10      172.6466             nan     0.1000    5.5531
    20      143.5250             nan     0.1000    1.6228
    40      129.8989             nan     0.1000    0.3256
    60      126.1417             nan     0.1000    0.1569
    80      124.2674             nan     0.1000    0.0545
   100      122.7968             nan     0.1000    0.0740
   120      121.3315             nan     0.1000    0.1124
   140      120.2345             nan     0.1000    0.0176
   150      119.8931             nan     0.1000    0.0124

Iter   TrainDeviance   ValidDeviance   StepSize   Improve
     1      285.3710             nan     0.1000   20.5326
     2      268.7378             nan     0.1000   16.6753
     3      255.1633             nan     0.1000   13.6054
     4      243.9677             nan     0.1000   11.1742
     5      234.7807             nan     0.1000    9.2217
     6      226.0114             nan     0.1000    8.7974
     7      218.6556             nan     0.1000    7.3541
     8      211.6856             nan     0.1000    6.9798
     9      205.7529             nan     0.1000    5.9998
    10      200.1661             nan     0.1000    5.5399
    20      166.3269             nan     0.1000    2.1106
    40      144.4407             nan     0.1000    0.4755
    60      138.7282             nan     0.1000    0.1834
    80      135.7342             nan     0.1000    0.1151
   100      133.8970             nan     0.1000    0.0703
   120      132.6738             nan     0.1000    0.0508
   140      131.8000             nan     0.1000    0.0395
   150      131.4516             nan     0.1000    0.0292

Iter   TrainDeviance   ValidDeviance   StepSize   Improve
     1      281.8268             nan     0.1000   24.3224
     2      261.9498             nan     0.1000   19.8995
     3      245.5488             nan     0.1000   16.3571
     4      231.5202             nan     0.1000   13.9782
     5      219.5262             nan     0.1000   11.9818
     6      209.5834             nan     0.1000   10.0243
     7      200.8358             nan     0.1000    8.7678
     8      193.7478             nan     0.1000    7.0945
     9      187.2350             nan     0.1000    6.5053
    10      181.9715             nan     0.1000    5.2363
    20      150.8258             nan     0.1000    1.6171
    40      135.7312             nan     0.1000    0.2984
    60      131.2789             nan     0.1000    0.1625
    80      129.1534             nan     0.1000    0.0862
   100      127.6963             nan     0.1000    0.1074
   120      126.5987             nan     0.1000    0.0414
   140      125.6679             nan     0.1000    0.0551
   150      125.3371             nan     0.1000    0.0232

Iter   TrainDeviance   ValidDeviance   StepSize   Improve
     1      278.6107             nan     0.1000   27.4084
     2      256.3595             nan     0.1000   22.1639
     3      238.1183             nan     0.1000   18.1547
     4      223.2430             nan     0.1000   14.8719
     5      210.8924             nan     0.1000   12.3303
     6      200.6855             nan     0.1000   10.2528
     7      191.9992             nan     0.1000    8.7206
     8      184.7767             nan     0.1000    7.1627
     9      178.4200             nan     0.1000    6.3565
    10      172.9687             nan     0.1000    5.4542
    20      143.8935             nan     0.1000    1.5002
    40      130.3870             nan     0.1000    0.3298
    60      126.8856             nan     0.1000    0.1178
    80      124.5846             nan     0.1000    0.0816
   100      123.0390             nan     0.1000    0.0645
   120      122.0153             nan     0.1000    0.0177
   140      120.7580             nan     0.1000    0.0402
   150      120.1876             nan     0.1000    0.0509

Iter   TrainDeviance   ValidDeviance   StepSize   Improve
     1      285.4492             nan     0.1000   20.5830
     2      268.7352             nan     0.1000   16.7290
     3      255.1239             nan     0.1000   13.6219
     4      243.9518             nan     0.1000   11.1857
     5      234.7026             nan     0.1000    9.2115
     6      225.8846             nan     0.1000    8.8288
     7      218.5238             nan     0.1000    7.3487
     8      211.5378             nan     0.1000    6.9715
     9      205.6065             nan     0.1000    5.9549
    10      200.0363             nan     0.1000    5.6190
    20      166.1130             nan     0.1000    2.2062
    40      144.2205             nan     0.1000    0.4755
    60      138.5104             nan     0.1000    0.1899
    80      135.5141             nan     0.1000    0.1120
   100      133.6780             nan     0.1000    0.0680
   120      132.4741             nan     0.1000    0.0508
   140      131.6034             nan     0.1000    0.0322
   150      131.2449             nan     0.1000    0.0252

Iter   TrainDeviance   ValidDeviance   StepSize   Improve
     1      281.8094             nan     0.1000   24.2427
     2      262.0422             nan     0.1000   19.7434
     3      245.0726             nan     0.1000   16.9288
     4      231.0924             nan     0.1000   13.9668
     5      219.1602             nan     0.1000   11.8844
     6      209.3263             nan     0.1000    9.8466
     7      200.6461             nan     0.1000    8.6981
     8      193.6363             nan     0.1000    7.0147
     9      187.0958             nan     0.1000    6.5247
    10      180.8522             nan     0.1000    6.2406
    20      150.3217             nan     0.1000    1.6014
    40      134.8518             nan     0.1000    0.3817
    60      130.6484             nan     0.1000    0.1166
    80      128.4782             nan     0.1000    0.1078
   100      126.9708             nan     0.1000    0.0181
   120      126.0060             nan     0.1000    0.0595
   140      125.2391             nan     0.1000    0.0276
   150      124.7107             nan     0.1000    0.0691

Iter   TrainDeviance   ValidDeviance   StepSize   Improve
     1      278.6985             nan     0.1000   27.4325
     2      256.4405             nan     0.1000   22.2672
     3      238.2557             nan     0.1000   18.1377
     4      223.3159             nan     0.1000   14.9306
     5      210.9236             nan     0.1000   12.4274
     6      200.7206             nan     0.1000   10.2061
     7      192.0646             nan     0.1000    8.6314
     8      184.6787             nan     0.1000    7.3866
     9      178.3251             nan     0.1000    6.3047
    10      173.0844             nan     0.1000    5.2247
    20      143.6329             nan     0.1000    1.6215
    40      129.9409             nan     0.1000    0.3742
    60      126.2731             nan     0.1000    0.1196
    80      124.0382             nan     0.1000    0.0595
   100      122.6760             nan     0.1000    0.0325
   120      121.5918             nan     0.1000    0.0706
   140      120.5814             nan     0.1000    0.0146
   150      119.9933             nan     0.1000    0.0566

Iter   TrainDeviance   ValidDeviance   StepSize   Improve
     1      285.4295             nan     0.1000   20.4924
     2      268.8415             nan     0.1000   16.6250
     3      255.2378             nan     0.1000   13.5964
     4      244.1234             nan     0.1000   11.1583
     5      234.8995             nan     0.1000    9.2402
     6      226.0606             nan     0.1000    8.8244
     7      218.7507             nan     0.1000    7.3150
     8      211.7770             nan     0.1000    6.9646
     9      205.8117             nan     0.1000    5.9758
    10      200.2499             nan     0.1000    5.5327
    20      166.4261             nan     0.1000    2.2089
    40      144.4385             nan     0.1000    0.4840
    60      138.7420             nan     0.1000    0.1861
    80      135.7599             nan     0.1000    0.1085
   100      133.8881             nan     0.1000    0.0802
   120      132.6894             nan     0.1000    0.0533
   140      131.8239             nan     0.1000    0.0387
   150      131.5038             nan     0.1000    0.0274

Iter   TrainDeviance   ValidDeviance   StepSize   Improve
     1      281.7563             nan     0.1000   24.1714
     2      261.9873             nan     0.1000   19.6944
     3      245.5569             nan     0.1000   16.4477
     4      231.2777             nan     0.1000   14.3980
     5      219.7033             nan     0.1000   11.5246
     6      209.4200             nan     0.1000   10.2859
     7      200.9737             nan     0.1000    8.4314
     8      193.4753             nan     0.1000    7.5450
     9      187.0699             nan     0.1000    6.3663
    10      180.7539             nan     0.1000    6.2513
    20      150.2985             nan     0.1000    1.6160
    40      135.1859             nan     0.1000    0.3797
    60      130.9043             nan     0.1000    0.1279
    80      128.8145             nan     0.1000    0.0880
   100      127.3348             nan     0.1000    0.0760
   120      126.2459             nan     0.1000    0.0350
   140      125.3579             nan     0.1000    0.0808
   150      124.9936             nan     0.1000    0.0616

Iter   TrainDeviance   ValidDeviance   StepSize   Improve
     1      278.5762             nan     0.1000   27.3706
     2      256.3729             nan     0.1000   22.2252
     3      238.1709             nan     0.1000   18.0731
     4      223.2850             nan     0.1000   14.8769
     5      210.9072             nan     0.1000   12.3640
     6      200.7767             nan     0.1000   10.0850
     7      192.1425             nan     0.1000    8.6034
     8      184.7602             nan     0.1000    7.3804
     9      178.3075             nan     0.1000    6.4397
    10      172.9043             nan     0.1000    5.3898
    20      144.1305             nan     0.1000    1.6286
    40      130.5306             nan     0.1000    0.2735
    60      126.7391             nan     0.1000    0.1669
    80      124.7653             nan     0.1000    0.0703
   100      123.2580             nan     0.1000    0.0527
   120      122.1553             nan     0.1000    0.0371
   140      120.9362             nan     0.1000    0.0508
   150      120.3723             nan     0.1000    0.0443

Iter   TrainDeviance   ValidDeviance   StepSize   Improve
     1      286.1896             nan     0.1000   20.4898
     2      269.5045             nan     0.1000   16.7444
     3      255.8442             nan     0.1000   13.6019
     4      244.6431             nan     0.1000   11.1732
     5      235.4498             nan     0.1000    9.2153
     6      226.6525             nan     0.1000    8.8626
     7      219.3630             nan     0.1000    7.2704
     8      212.4335             nan     0.1000    6.9948
     9      206.3363             nan     0.1000    6.0661
    10      200.7037             nan     0.1000    5.5706
    20      166.8383             nan     0.1000    2.1967
    40      145.0333             nan     0.1000    0.4763
    60      139.3217             nan     0.1000    0.1867
    80      136.2840             nan     0.1000    0.1156
   100      134.4509             nan     0.1000    0.0699
   120      133.2378             nan     0.1000    0.0474
   140      132.3558             nan     0.1000    0.0342
   150      132.0136             nan     0.1000    0.0306

Iter   TrainDeviance   ValidDeviance   StepSize   Improve
     1      282.5169             nan     0.1000   24.2429
     2      262.4636             nan     0.1000   19.9344
     3      245.7632             nan     0.1000   16.6764
     4      231.8793             nan     0.1000   13.9558
     5      220.0505             nan     0.1000   11.8110
     6      210.2444             nan     0.1000    9.7760
     7      201.7066             nan     0.1000    8.5660
     8      194.4162             nan     0.1000    7.2993
     9      188.1446             nan     0.1000    6.2244
    10      182.6260             nan     0.1000    5.5420
    20      151.1871             nan     0.1000    1.6345
    40      135.9514             nan     0.1000    0.3917
    60      131.5378             nan     0.1000    0.1512
    80      129.3238             nan     0.1000    0.0614
   100      127.8265             nan     0.1000    0.0594
   120      126.7518             nan     0.1000    0.0322
   140      125.8306             nan     0.1000    0.0346
   150      125.4482             nan     0.1000    0.0601

Iter   TrainDeviance   ValidDeviance   StepSize   Improve
     1      279.4336             nan     0.1000   27.4170
     2      257.1620             nan     0.1000   22.3031
     3      238.9050             nan     0.1000   18.2373
     4      223.9642             nan     0.1000   14.8754
     5      211.5581             nan     0.1000   12.3603
     6      201.2160             nan     0.1000   10.2956
     7      192.7033             nan     0.1000    8.5726
     8      185.2385             nan     0.1000    7.4432
     9      178.8459             nan     0.1000    6.3840
    10      173.4007             nan     0.1000    5.4352
    20      144.3136             nan     0.1000    1.6257
    40      130.8907             nan     0.1000    0.3232
    60      127.1580             nan     0.1000    0.1265
    80      124.8508             nan     0.1000    0.1500
   100      123.5317             nan     0.1000    0.0386
   120      122.2145             nan     0.1000    0.0329
   140      121.0846             nan     0.1000    0.0429
   150      120.3164             nan     0.1000    0.0142

Iter   TrainDeviance   ValidDeviance   StepSize   Improve
     1      285.2612             nan     0.1000   20.6026
     2      268.4994             nan     0.1000   16.7200
     3      254.8707             nan     0.1000   13.6662
     4      243.6894             nan     0.1000   11.1941
     5      234.4384             nan     0.1000    9.2516
     6      225.6075             nan     0.1000    8.8567
     7      218.2554             nan     0.1000    7.3319
     8      211.2883             nan     0.1000    6.9802
     9      205.2829             nan     0.1000    6.0022
    10      199.7120             nan     0.1000    5.5691
    20      165.8146             nan     0.1000    2.2427
    40      143.8278             nan     0.1000    0.4886
    60      138.1200             nan     0.1000    0.1886
    80      135.1133             nan     0.1000    0.1145
   100      133.2760             nan     0.1000    0.0603
   120      132.0399             nan     0.1000    0.0495
   140      131.2065             nan     0.1000    0.0384
   150      130.8421             nan     0.1000    0.0284

Iter   TrainDeviance   ValidDeviance   StepSize   Improve
     1      281.6103             nan     0.1000   24.2167
     2      261.6355             nan     0.1000   19.9954
     3      244.7877             nan     0.1000   16.8216
     4      230.8604             nan     0.1000   14.0008
     5      218.9649             nan     0.1000   11.9154
     6      208.9508             nan     0.1000    9.9640
     7      200.4093             nan     0.1000    8.5267
     8      193.0477             nan     0.1000    7.3153
     9      186.7224             nan     0.1000    6.2674
    10      180.3539             nan     0.1000    6.3198
    20      150.0200             nan     0.1000    1.5529
    40      134.6132             nan     0.1000    0.3459
    60      130.2868             nan     0.1000    0.0698
    80      128.1243             nan     0.1000    0.0848
   100      126.7307             nan     0.1000    0.0176
   120      125.5698             nan     0.1000    0.0459
   140      124.6777             nan     0.1000    0.0001
   150      124.2888             nan     0.1000    0.0141

Iter   TrainDeviance   ValidDeviance   StepSize   Improve
     1      278.4475             nan     0.1000   27.4048
     2      256.1085             nan     0.1000   22.3050
     3      237.7950             nan     0.1000   18.2365
     4      222.8879             nan     0.1000   14.8956
     5      210.5286             nan     0.1000   12.3603
     6      200.2652             nan     0.1000   10.2737
     7      191.5019             nan     0.1000    8.7331
     8      184.1657             nan     0.1000    7.2999
     9      177.4709             nan     0.1000    6.6941
    10      172.0725             nan     0.1000    5.3567
    20      142.7263             nan     0.1000    1.5207
    40      129.2807             nan     0.1000    0.3238
    60      125.6798             nan     0.1000    0.1007
    80      123.6814             nan     0.1000    0.0581
   100      122.0640             nan     0.1000    0.0216
   120      120.9474             nan     0.1000    0.0436
   140      119.9853             nan     0.1000    0.0100
   150      119.5663             nan     0.1000    0.0034

Iter   TrainDeviance   ValidDeviance   StepSize   Improve
     1      285.5707             nan     0.1000   20.5644
     2      268.8738             nan     0.1000   16.7127
     3      255.1901             nan     0.1000   13.6411
     4      244.0868             nan     0.1000   11.1758
     5      234.7232             nan     0.1000    9.2731
     6      225.9566             nan     0.1000    8.8614
     7      218.6603             nan     0.1000    7.2973
     8      211.6718             nan     0.1000    6.9572
     9      205.6173             nan     0.1000    6.0202
    10      200.0472             nan     0.1000    5.5784
    20      166.2382             nan     0.1000    2.1961
    40      144.2900             nan     0.1000    0.4805
    60      138.5914             nan     0.1000    0.1790
    80      135.6027             nan     0.1000    0.1161
   100      133.7604             nan     0.1000    0.0685
   120      132.5717             nan     0.1000    0.0428
   140      131.7426             nan     0.1000    0.0328
   150      131.4062             nan     0.1000    0.0272

Iter   TrainDeviance   ValidDeviance   StepSize   Improve
     1      282.0153             nan     0.1000   24.3211
     2      261.9745             nan     0.1000   19.9612
     3      245.2014             nan     0.1000   16.7735
     4      231.1781             nan     0.1000   13.9708
     5      219.2548             nan     0.1000   11.8737
     6      209.3449             nan     0.1000    9.9302
     7      200.7744             nan     0.1000    8.5438
     8      193.3249             nan     0.1000    7.4399
     9      187.0036             nan     0.1000    6.3132
    10      180.8165             nan     0.1000    6.2162
    20      150.7555             nan     0.1000    1.7430
    40      135.6696             nan     0.1000    0.3650
    60      131.2860             nan     0.1000    0.1169
    80      129.1214             nan     0.1000    0.0671
   100      127.6161             nan     0.1000    0.0692
   120      126.5293             nan     0.1000    0.0282
   140      125.7156             nan     0.1000    0.0175
   150      125.3321             nan     0.1000    0.0711

Iter   TrainDeviance   ValidDeviance   StepSize   Improve
     1      278.8412             nan     0.1000   27.4510
     2      256.4644             nan     0.1000   22.3145
     3      238.2646             nan     0.1000   18.2257
     4      223.2889             nan     0.1000   14.9318
     5      210.9439             nan     0.1000   12.3324
     6      200.7686             nan     0.1000   10.1257
     7      192.0857             nan     0.1000    8.6706
     8      184.8049             nan     0.1000    7.3027
     9      178.4404             nan     0.1000    6.3263
    10      173.1344             nan     0.1000    5.2954
    20      143.6919             nan     0.1000    1.6250
    40      130.3960             nan     0.1000    0.2912
    60      126.5126             nan     0.1000    0.1299
    80      124.5451             nan     0.1000    0.0617
   100      123.1444             nan     0.1000    0.0319
   120      121.9300             nan     0.1000    0.0192
   140      120.6548             nan     0.1000    0.1590
   150      120.3274             nan     0.1000    0.0178

Iter   TrainDeviance   ValidDeviance   StepSize   Improve
     1      285.5238             nan     0.1000   20.5151
     2      268.8295             nan     0.1000   16.6493
     3      255.3136             nan     0.1000   13.5839
     4      244.1045             nan     0.1000   11.2428
     5      234.9896             nan     0.1000    9.1861
     6      226.2158             nan     0.1000    8.8205
     7      218.8350             nan     0.1000    7.3684
     8      211.8759             nan     0.1000    6.9510
     9      205.9596             nan     0.1000    5.9367
    10      200.3889             nan     0.1000    5.5506
    20      166.4440             nan     0.1000    2.1931
    40      144.5874             nan     0.1000    0.4779
    60      138.9035             nan     0.1000    0.1908
    80      135.9002             nan     0.1000    0.1129
   100      134.0634             nan     0.1000    0.0774
   120      132.7970             nan     0.1000    0.0502
   140      131.9266             nan     0.1000    0.0393
   150      131.5581             nan     0.1000    0.0367

Iter   TrainDeviance   ValidDeviance   StepSize   Improve
     1      281.8707             nan     0.1000   24.3361
     2      261.9184             nan     0.1000   19.8802
     3      245.1300             nan     0.1000   16.6670
     4      231.2245             nan     0.1000   13.8906
     5      219.3414             nan     0.1000   11.8230
     6      209.6615             nan     0.1000    9.6905
     7      201.0694             nan     0.1000    8.5911
     8      193.7375             nan     0.1000    7.3542
     9      187.5016             nan     0.1000    6.2519
    10      181.9635             nan     0.1000    5.5176
    20      150.9340             nan     0.1000    1.6421
    40      135.8065             nan     0.1000    0.3635
    60      131.4675             nan     0.1000    0.1690
    80      129.2117             nan     0.1000    0.0932
   100      127.7065             nan     0.1000    0.0590
   120      126.5830             nan     0.1000    0.0919
   140      125.6517             nan     0.1000    0.0681
   150      125.3173             nan     0.1000    0.0378

Iter   TrainDeviance   ValidDeviance   StepSize   Improve
     1      278.7246             nan     0.1000   27.3641
     2      256.4019             nan     0.1000   22.2165
     3      238.2688             nan     0.1000   18.1794
     4      223.4261             nan     0.1000   14.8199
     5      211.0334             nan     0.1000   12.4169
     6      200.9149             nan     0.1000   10.1141
     7      192.2347             nan     0.1000    8.7076
     8      184.9054             nan     0.1000    7.3008
     9      178.4960             nan     0.1000    6.4298
    10      173.1954             nan     0.1000    5.2518
    20      143.7290             nan     0.1000    1.6793
    40      130.2174             nan     0.1000    0.2868
    60      126.3945             nan     0.1000    0.1250
    80      124.2710             nan     0.1000    0.0894
   100      122.7476             nan     0.1000    0.0652
   120      121.7989             nan     0.1000    0.0109
   140      120.5768             nan     0.1000    0.0190
   150      120.0695             nan     0.1000    0.0582

Iter   TrainDeviance   ValidDeviance   StepSize   Improve
     1      285.3929             nan     0.1000   20.5420
     2      268.7227             nan     0.1000   16.6850
     3      255.0367             nan     0.1000   13.6726
     4      243.9012             nan     0.1000   11.1770
     5      234.6269             nan     0.1000    9.2457
     6      225.8251             nan     0.1000    8.8372
     7      218.4854             nan     0.1000    7.3138
     8      211.5493             nan     0.1000    6.9218
     9      205.5526             nan     0.1000    5.9352
    10      199.9735             nan     0.1000    5.5226
    20      166.1747             nan     0.1000    2.1566
    40      144.2581             nan     0.1000    0.4656
    60      138.5127             nan     0.1000    0.1976
    80      135.5220             nan     0.1000    0.1200
   100      133.7018             nan     0.1000    0.0684
   120      132.4819             nan     0.1000    0.0525
   140      131.6336             nan     0.1000    0.0370
   150      131.2974             nan     0.1000    0.0265

Iter   TrainDeviance   ValidDeviance   StepSize   Improve
     1      281.6276             nan     0.1000   24.2298
     2      261.6357             nan     0.1000   19.9954
     3      244.8221             nan     0.1000   16.7335
     4      230.9154             nan     0.1000   13.9677
     5      219.1027             nan     0.1000   11.8188
     6      209.2837             nan     0.1000    9.7830
     7      200.7147             nan     0.1000    8.5782
     8      193.3524             nan     0.1000    7.3378
     9      187.0956             nan     0.1000    6.2664
    10      180.7241             nan     0.1000    6.3487
    20      150.4831             nan     0.1000    1.7368
    40      135.4789             nan     0.1000    0.3555
    60      131.1490             nan     0.1000    0.1687
    80      128.9855             nan     0.1000    0.1079
   100      127.6149             nan     0.1000    0.0287
   120      126.4783             nan     0.1000    0.0239
   140      125.5043             nan     0.1000    0.0520
   150      125.0595             nan     0.1000    0.0473

Iter   TrainDeviance   ValidDeviance   StepSize   Improve
     1      278.4635             nan     0.1000   27.3789
     2      256.1791             nan     0.1000   22.1953
     3      237.9817             nan     0.1000   18.1177
     4      223.1475             nan     0.1000   14.8315
     5      210.8154             nan     0.1000   12.4219
     6      200.6419             nan     0.1000   10.1261
     7      191.9615             nan     0.1000    8.6860
     8      184.5891             nan     0.1000    7.3917
     9      178.3229             nan     0.1000    6.2906
    10      172.9071             nan     0.1000    5.3961
    20      143.5805             nan     0.1000    1.5741
    40      130.0412             nan     0.1000    0.3671
    60      126.1916             nan     0.1000    0.1017
    80      124.2847             nan     0.1000    0.0505
   100      123.0475             nan     0.1000    0.0640
   120      121.5760             nan     0.1000    0.0458
   140      120.5941             nan     0.1000    0.1671
   150      120.1190             nan     0.1000    0.0345

Iter   TrainDeviance   ValidDeviance   StepSize   Improve
     1      285.2202             nan     0.1000   20.4854
     2      268.5398             nan     0.1000   16.6304
     3      254.9513             nan     0.1000   13.6046
     4      243.8379             nan     0.1000   11.1220
     5      234.6683             nan     0.1000    9.2137
     6      225.8851             nan     0.1000    8.7774
     7      218.5699             nan     0.1000    7.2489
     8      211.6298             nan     0.1000    6.9497
     9      205.7446             nan     0.1000    5.9170
    10      200.1391             nan     0.1000    5.5726
    20      166.4696             nan     0.1000    2.1687
    40      144.5519             nan     0.1000    0.4485
    60      138.7711             nan     0.1000    0.1978
    80      135.7625             nan     0.1000    0.1156
   100      133.9321             nan     0.1000    0.0669
   120      132.7526             nan     0.1000    0.0500
   140      131.8722             nan     0.1000    0.0359
   150      131.5209             nan     0.1000    0.0275

Iter   TrainDeviance   ValidDeviance   StepSize   Improve
     1      281.5515             nan     0.1000   24.1549
     2      261.6526             nan     0.1000   19.9206
     3      244.9147             nan     0.1000   16.7504
     4      230.9655             nan     0.1000   13.9746
     5      219.1340             nan     0.1000   11.8054
     6      209.3290             nan     0.1000    9.8015
     7      200.6893             nan     0.1000    8.5903
     8      193.2904             nan     0.1000    7.3579
     9      187.0358             nan     0.1000    6.2712
    10      180.7938             nan     0.1000    6.2835
    20      150.6572             nan     0.1000    1.6005
    40      135.7014             nan     0.1000    0.2978
    60      131.2903             nan     0.1000    0.1232
    80      129.1324             nan     0.1000    0.0610
   100      127.7567             nan     0.1000    0.0693
   120      126.6707             nan     0.1000    0.0250
   140      125.7759             nan     0.1000    0.0216
   150      125.4452             nan     0.1000    0.0765

Iter   TrainDeviance   ValidDeviance   StepSize   Improve
     1      278.3926             nan     0.1000   27.1572
     2      256.2036             nan     0.1000   22.0688
     3      238.0144             nan     0.1000   18.1905
     4      223.0700             nan     0.1000   14.8898
     5      210.7304             nan     0.1000   12.3422
     6      200.6277             nan     0.1000   10.0853
     7      191.7831             nan     0.1000    8.8101
     8      184.5565             nan     0.1000    7.2084
     9      178.2734             nan     0.1000    6.2785
    10      172.7236             nan     0.1000    5.5899
    20      143.2479             nan     0.1000    1.5275
    40      130.1389             nan     0.1000    0.2846
    60      126.3720             nan     0.1000    0.1532
    80      124.1642             nan     0.1000    0.0523
   100      122.7233             nan     0.1000    0.0826
   120      121.3793             nan     0.1000    0.1504
   140      120.3082             nan     0.1000   -0.0001
   150      119.9044             nan     0.1000    0.0369

Iter   TrainDeviance   ValidDeviance   StepSize   Improve
     1      286.3503             nan     0.1000   20.6229
     2      269.5892             nan     0.1000   16.6988
     3      255.9160             nan     0.1000   13.6149
     4      244.6405             nan     0.1000   11.2122
     5      235.4788             nan     0.1000    9.1228
     6      226.6028             nan     0.1000    8.9011
     7      219.2263             nan     0.1000    7.3675
     8      212.2273             nan     0.1000    6.8656
     9      206.2111             nan     0.1000    6.0243
    10      200.6311             nan     0.1000    5.5251
    20      166.9753             nan     0.1000    2.2116
    40      145.1439             nan     0.1000    0.5182
    60      139.4044             nan     0.1000    0.1861
    80      136.4458             nan     0.1000    0.1158
   100      134.5405             nan     0.1000    0.0807
   120      133.3272             nan     0.1000    0.0536
   140      132.4701             nan     0.1000    0.0362
   150      132.1264             nan     0.1000    0.0293

Iter   TrainDeviance   ValidDeviance   StepSize   Improve
     1      282.6122             nan     0.1000   24.2827
     2      262.6355             nan     0.1000   19.9815
     3      245.8955             nan     0.1000   16.7884
     4      231.9500             nan     0.1000   13.9530
     5      220.0440             nan     0.1000   11.9443
     6      210.1831             nan     0.1000    9.9535
     7      201.4303             nan     0.1000    8.7773
     8      194.3390             nan     0.1000    7.0854
     9      187.8549             nan     0.1000    6.5170
    10      182.6792             nan     0.1000    5.1942
    20      151.3993             nan     0.1000    1.7476
    40      136.5900             nan     0.1000    0.3694
    60      132.2458             nan     0.1000    0.0983
    80      130.1456             nan     0.1000    0.0970
   100      128.8341             nan     0.1000    0.0433
   120      127.6187             nan     0.1000    0.0569
   140      126.5584             nan     0.1000    0.0229
   150      126.2071             nan     0.1000    0.0229

Iter   TrainDeviance   ValidDeviance   StepSize   Improve
     1      279.4561             nan     0.1000   27.3988
     2      257.1750             nan     0.1000   22.3148
     3      238.9667             nan     0.1000   18.2659
     4      223.9705             nan     0.1000   14.9238
     5      211.5414             nan     0.1000   12.4308
     6      201.2012             nan     0.1000   10.2995
     7      192.5897             nan     0.1000    8.5676
     8      185.3544             nan     0.1000    7.2135
     9      179.0336             nan     0.1000    6.2912
    10      173.6485             nan     0.1000    5.4015
    20      144.6237             nan     0.1000    1.7152
    40      131.0193             nan     0.1000    0.2961
    60      127.0221             nan     0.1000    0.1003
    80      124.9962             nan     0.1000    0.0976
   100      123.5821             nan     0.1000    0.0451
   120      122.4039             nan     0.1000    0.0292
   140      121.4078             nan     0.1000    0.1781
   150      120.6131             nan     0.1000    0.0811

Iter   TrainDeviance   ValidDeviance   StepSize   Improve
     1      285.4661             nan     0.1000   20.4484
     2      268.8216             nan     0.1000   16.6618
     3      255.1887             nan     0.1000   13.6608
     4      243.9954             nan     0.1000   11.1423
     5      234.7874             nan     0.1000    9.2055
     6      226.0270             nan     0.1000    8.8146
     7      218.6985             nan     0.1000    7.3296
     8      211.7366             nan     0.1000    6.9572
     9      205.7970             nan     0.1000    5.9540
    10      200.2389             nan     0.1000    5.5390
    20      166.4289             nan     0.1000    2.1907
    40      144.5579             nan     0.1000    0.4783
    60      138.8399             nan     0.1000    0.1919
    80      135.8741             nan     0.1000    0.1136
   100      134.0215             nan     0.1000    0.0788
   120      132.8391             nan     0.1000    0.0484
   140      131.9988             nan     0.1000    0.0353
   150      131.6445             nan     0.1000    0.0334

Iter   TrainDeviance   ValidDeviance   StepSize   Improve
     1      281.8158             nan     0.1000   24.2342
     2      261.8113             nan     0.1000   19.8888
     3      245.0598             nan     0.1000   16.7359
     4      231.1107             nan     0.1000   13.9780
     5      219.2879             nan     0.1000   11.8923
     6      209.4486             nan     0.1000    9.8326
     7      200.8997             nan     0.1000    8.5201
     8      193.5582             nan     0.1000    7.3529
     9      187.3236             nan     0.1000    6.2070
    10      181.0446             nan     0.1000    6.3372
    20      150.6223             nan     0.1000    1.6861
    40      135.3052             nan     0.1000    0.2889
    60      130.7933             nan     0.1000    0.1268
    80      128.4903             nan     0.1000    0.0931
   100      127.1391             nan     0.1000    0.0642
   120      126.0594             nan     0.1000    0.0339
   140      125.1557             nan     0.1000    0.0526
   150      124.7786             nan     0.1000    0.0296

Iter   TrainDeviance   ValidDeviance   StepSize   Improve
     1      278.7165             nan     0.1000   27.2923
     2      256.6416             nan     0.1000   22.1118
     3      238.4631             nan     0.1000   18.1798
     4      223.4207             nan     0.1000   14.9464
     5      211.0088             nan     0.1000   12.4083
     6      200.8714             nan     0.1000   10.1920
     7      192.2180             nan     0.1000    8.6235
     8      184.7770             nan     0.1000    7.3595
     9      178.5434             nan     0.1000    6.2199
    10      173.0238             nan     0.1000    5.4590
    20      143.7994             nan     0.1000    1.5636
    40      130.3225             nan     0.1000    0.4323
    60      126.7097             nan     0.1000    0.0591
    80      124.5082             nan     0.1000    0.0860
   100      123.1820             nan     0.1000    0.0228
   120      122.1351             nan     0.1000    0.0175
   140      120.8417             nan     0.1000    0.0321
   150      120.3448             nan     0.1000    0.1202

Iter   TrainDeviance   ValidDeviance   StepSize   Improve
     1      285.2932             nan     0.1000   20.5732
     2      268.5717             nan     0.1000   16.7101
     3      254.9141             nan     0.1000   13.6414
     4      243.7048             nan     0.1000   11.1614
     5      234.4955             nan     0.1000    9.2165
     6      225.7878             nan     0.1000    8.7994
     7      218.3769             nan     0.1000    7.3711
     8      211.4160             nan     0.1000    7.0309
     9      205.4590             nan     0.1000    5.9482
    10      199.9599             nan     0.1000    5.6124
    20      165.9597             nan     0.1000    2.2112
    40      144.1323             nan     0.1000    0.4886
    60      138.4322             nan     0.1000    0.1930
    80      135.4293             nan     0.1000    0.1196
   100      133.6038             nan     0.1000    0.0772
   120      132.3999             nan     0.1000    0.0540
   140      131.5410             nan     0.1000    0.0338
   150      131.2027             nan     0.1000    0.0090

Iter   TrainDeviance   ValidDeviance   StepSize   Improve
     1      281.5699             nan     0.1000   24.3469
     2      261.6155             nan     0.1000   19.9393
     3      244.8366             nan     0.1000   16.7191
     4      230.8961             nan     0.1000   13.9486
     5      219.0904             nan     0.1000   11.8762
     6      209.1093             nan     0.1000    9.9815
     7      200.5207             nan     0.1000    8.5089
     8      193.2594             nan     0.1000    7.2597
     9      187.0540             nan     0.1000    6.2368
    10      181.5708             nan     0.1000    5.4676
    20      150.8894             nan     0.1000    1.5800
    40      135.8400             nan     0.1000    0.3255
    60      131.4805             nan     0.1000    0.1365
    80      129.4081             nan     0.1000    0.0612
   100      127.9987             nan     0.1000    0.0296
   120      126.8540             nan     0.1000    0.0464
   140      126.0599             nan     0.1000    0.0679
   150      125.5597             nan     0.1000    0.0245

Iter   TrainDeviance   ValidDeviance   StepSize   Improve
     1      278.3962             nan     0.1000   27.4146
     2      256.1600             nan     0.1000   22.3111
     3      237.8982             nan     0.1000   18.1596
     4      222.9340             nan     0.1000   14.9016
     5      210.6058             nan     0.1000   12.3304
     6      200.3924             nan     0.1000   10.1718
     7      191.7323             nan     0.1000    8.6492
     8      184.4866             nan     0.1000    7.2852
     9      178.1451             nan     0.1000    6.3235
    10      172.7865             nan     0.1000    5.3157
    20      143.7266             nan     0.1000    1.5580
    40      129.9774             nan     0.1000    0.2339
    60      126.0158             nan     0.1000    0.2244
    80      123.8194             nan     0.1000    0.0886
   100      122.3726             nan     0.1000    0.0958
   120      121.2996             nan     0.1000    0.0937
   140      120.2037             nan     0.1000    0.0398
   150      119.7066             nan     0.1000    0.0965

Iter   TrainDeviance   ValidDeviance   StepSize   Improve
     1      285.6770             nan     0.1000   20.5553
     2      269.0156             nan     0.1000   16.6676
     3      255.3570             nan     0.1000   13.6831
     4      244.1718             nan     0.1000   11.1452
     5      234.9415             nan     0.1000    9.2774
     6      226.1202             nan     0.1000    8.7536
     7      218.8063             nan     0.1000    7.3087
     8      211.8379             nan     0.1000    6.9952
     9      205.7694             nan     0.1000    6.0342
    10      200.2367             nan     0.1000    5.5132
    20      166.3806             nan     0.1000    2.1947
    40      144.5024             nan     0.1000    0.4806
    60      138.8374             nan     0.1000    0.1715
    80      135.8418             nan     0.1000    0.1240
   100      133.9998             nan     0.1000    0.0776
   120      132.7841             nan     0.1000    0.0510
   140      131.8966             nan     0.1000    0.0362
   150      131.5575             nan     0.1000    0.0310

Iter   TrainDeviance   ValidDeviance   StepSize   Improve
     1      281.8875             nan     0.1000   24.1993
     2      261.8807             nan     0.1000   19.9233
     3      245.1627             nan     0.1000   16.6447
     4      231.2611             nan     0.1000   13.9200
     5      219.3504             nan     0.1000   11.9442
     6      209.5713             nan     0.1000    9.7409
     7      200.9733             nan     0.1000    8.5576
     8      193.5731             nan     0.1000    7.3563
     9      187.3705             nan     0.1000    6.2514
    10      181.0356             nan     0.1000    6.3236
    20      150.5253             nan     0.1000    1.7037
    40      135.6271             nan     0.1000    0.3934
    60      131.3894             nan     0.1000    0.0636
    80      129.0881             nan     0.1000    0.0928
   100      127.7002             nan     0.1000    0.0576
   120      126.4927             nan     0.1000    0.0434
   140      125.5996             nan     0.1000    0.0472
   150      125.1633             nan     0.1000    0.0533

Iter   TrainDeviance   ValidDeviance   StepSize   Improve
     1      278.8832             nan     0.1000   27.2850
     2      256.7274             nan     0.1000   22.2839
     3      238.4517             nan     0.1000   18.2589
     4      223.4977             nan     0.1000   14.8866
     5      211.0694             nan     0.1000   12.3780
     6      200.6906             nan     0.1000   10.3327
     7      192.1226             nan     0.1000    8.5537
     8      184.8008             nan     0.1000    7.3083
     9      178.5102             nan     0.1000    6.2621
    10      173.1996             nan     0.1000    5.3517
    20      144.3848             nan     0.1000    1.6764
    40      130.8959             nan     0.1000    0.2880
    60      126.9934             nan     0.1000    0.1115
    80      124.9613             nan     0.1000    0.0763
   100      123.3306             nan     0.1000    0.0821
   120      122.2706             nan     0.1000    0.0133
   140      120.9873             nan     0.1000    0.0446
   150      120.5314             nan     0.1000    0.0394

Iter   TrainDeviance   ValidDeviance   StepSize   Improve
     1      286.4346             nan     0.1000   20.5727
     2      269.7308             nan     0.1000   16.7114
     3      256.0220             nan     0.1000   13.6599
     4      244.8104             nan     0.1000   11.1934
     5      235.6235             nan     0.1000    9.2476
     6      226.7752             nan     0.1000    8.8185
     7      219.4395             nan     0.1000    7.3090
     8      212.4736             nan     0.1000    7.0145
     9      206.4137             nan     0.1000    6.0256
    10      200.8306             nan     0.1000    5.6168
    20      166.9120             nan     0.1000    2.1821
    40      145.0297             nan     0.1000    0.4657
    60      139.3262             nan     0.1000    0.1967
    80      136.3248             nan     0.1000    0.1044
   100      134.4623             nan     0.1000    0.0366
   120      133.2420             nan     0.1000    0.0474
   140      132.3713             nan     0.1000    0.0375
   150      132.0004             nan     0.1000    0.0304

Iter   TrainDeviance   ValidDeviance   StepSize   Improve
     1      282.6134             nan     0.1000   24.2393
     2      262.6154             nan     0.1000   20.0007
     3      245.8660             nan     0.1000   16.6917
     4      231.8748             nan     0.1000   13.9528
     5      220.0228             nan     0.1000   11.8319
     6      210.1087             nan     0.1000    9.8363
     7      201.2551             nan     0.1000    8.8151
     8      194.1275             nan     0.1000    7.1724
     9      187.6428             nan     0.1000    6.4902
    10      182.4934             nan     0.1000    5.1583
    20      151.3584             nan     0.1000    1.5774
    40      136.5133             nan     0.1000    0.3033
    60      132.0675             nan     0.1000    0.1514
    80      130.0989             nan     0.1000    0.0837
   100      128.6893             nan     0.1000    0.0293
   120      127.4596             nan     0.1000    0.0253
   140      126.5190             nan     0.1000    0.0642
   150      126.1552             nan     0.1000    0.0455

Iter   TrainDeviance   ValidDeviance   StepSize   Improve
     1      279.4582             nan     0.1000   27.3519
     2      257.2776             nan     0.1000   22.3053
     3      239.1285             nan     0.1000   18.1479
     4      224.0644             nan     0.1000   15.0466
     5      211.6121             nan     0.1000   12.3819
     6      201.3992             nan     0.1000   10.1414
     7      192.7778             nan     0.1000    8.6336
     8      185.3614             nan     0.1000    7.4257
     9      179.0399             nan     0.1000    6.3021
    10      173.6256             nan     0.1000    5.4216
    20      144.9876             nan     0.1000    1.6958
    40      131.1297             nan     0.1000    0.3283
    60      127.2132             nan     0.1000    0.1186
    80      125.0465             nan     0.1000    0.1014
   100      123.5795             nan     0.1000    0.0284
   120      122.4696             nan     0.1000    0.0656
   140      121.1914             nan     0.1000    0.0369
   150      120.5911             nan     0.1000    0.0497

Iter   TrainDeviance   ValidDeviance   StepSize   Improve
     1      285.5394             nan     0.1000   20.5201
     2      268.8810             nan     0.1000   16.6785
     3      255.2315             nan     0.1000   13.6212
     4      244.0732             nan     0.1000   11.1677
     5      234.8353             nan     0.1000    9.2228
     6      226.0088             nan     0.1000    8.7737
     7      218.6740             nan     0.1000    7.3163
     8      211.6682             nan     0.1000    6.9805
     9      205.6548             nan     0.1000    6.0204
    10      200.0505             nan     0.1000    5.5752
    20      166.2335             nan     0.1000    2.1806
    40      144.3499             nan     0.1000    0.4677
    60      138.6702             nan     0.1000    0.1790
    80      135.6578             nan     0.1000    0.1208
   100      133.8104             nan     0.1000    0.0697
   120      132.6022             nan     0.1000    0.0500
   140      131.7468             nan     0.1000    0.0335
   150      131.3900             nan     0.1000    0.0315

Iter   TrainDeviance   ValidDeviance   StepSize   Improve
     1      281.7865             nan     0.1000   24.2557
     2      261.8005             nan     0.1000   19.9248
     3      245.0579             nan     0.1000   16.6375
     4      231.1583             nan     0.1000   13.9195
     5      219.2918             nan     0.1000   11.8445
     6      209.3325             nan     0.1000    9.9282
     7      200.8184             nan     0.1000    8.5331
     8      193.5322             nan     0.1000    7.2664
     9      187.2088             nan     0.1000    6.3196
    10      180.9031             nan     0.1000    6.2949
    20      150.7569             nan     0.1000    1.6588
    40      135.6969             nan     0.1000    0.3641
    60      131.2686             nan     0.1000    0.1182
    80      129.1960             nan     0.1000    0.0780
   100      127.7951             nan     0.1000    0.0592
   120      126.8737             nan     0.1000    0.0663
   140      126.0324             nan     0.1000    0.0291
   150      125.5401             nan     0.1000    0.0782

Iter   TrainDeviance   ValidDeviance   StepSize   Improve
     1      278.6446             nan     0.1000   27.3786
     2      256.3992             nan     0.1000   22.2737
     3      238.2077             nan     0.1000   18.1222
     4      223.2470             nan     0.1000   14.9045
     5      210.7791             nan     0.1000   12.3870
     6      200.5401             nan     0.1000   10.2150
     7      191.9408             nan     0.1000    8.5710
     8      184.6288             nan     0.1000    7.2945
     9      178.2651             nan     0.1000    6.3596
    10      172.9028             nan     0.1000    5.3476
    20      143.9411             nan     0.1000    1.5785
    40      130.2401             nan     0.1000    0.2693
    60      126.5129             nan     0.1000    0.0632
    80      124.2795             nan     0.1000    0.0924
   100      122.7494             nan     0.1000    0.0920
   120      121.6937             nan     0.1000    0.0553
   140      120.6779             nan     0.1000    0.0333
   150      120.1221             nan     0.1000    0.0382

Iter   TrainDeviance   ValidDeviance   StepSize   Improve
     1      285.2465             nan     0.1000   20.5762
     2      268.5756             nan     0.1000   16.6910
     3      254.9263             nan     0.1000   13.6435
     4      243.7687             nan     0.1000   11.2075
     5      234.6380             nan     0.1000    9.2514
     6      225.8751             nan     0.1000    8.7557
     7      218.5140             nan     0.1000    7.3499
     8      211.5670             nan     0.1000    6.9563
     9      205.5883             nan     0.1000    5.9661
    10      200.0669             nan     0.1000    5.5719
    20      166.3014             nan     0.1000    2.1982
    40      144.3939             nan     0.1000    0.4683
    60      138.6889             nan     0.1000    0.1848
    80      135.6768             nan     0.1000    0.1250
   100      133.8414             nan     0.1000    0.0760
   120      132.6345             nan     0.1000    0.0521
   140      131.7740             nan     0.1000    0.0101
   150      131.4270             nan     0.1000    0.0336

Iter   TrainDeviance   ValidDeviance   StepSize   Improve
     1      281.5058             nan     0.1000   24.2215
     2      261.5718             nan     0.1000   19.9226
     3      244.7847             nan     0.1000   16.6735
     4      230.8315             nan     0.1000   13.9260
     5      218.9537             nan     0.1000   11.8260
     6      209.1969             nan     0.1000    9.7571
     7      200.7030             nan     0.1000    8.5440
     8      193.3550             nan     0.1000    7.3559
     9      187.0748             nan     0.1000    6.2452
    10      181.5459             nan     0.1000    5.4900
    20      150.7799             nan     0.1000    1.5348
    40      135.5920             nan     0.1000    0.3202
    60      131.1536             nan     0.1000    0.1565
    80      128.9677             nan     0.1000    0.0805
   100      127.4547             nan     0.1000    0.0922
   120      126.3801             nan     0.1000    0.0100
   140      125.4858             nan     0.1000    0.0439
   150      125.0255             nan     0.1000    0.0383

Iter   TrainDeviance   ValidDeviance   StepSize   Improve
     1      278.4657             nan     0.1000   27.4510
     2      256.2429             nan     0.1000   22.2568
     3      238.0217             nan     0.1000   18.1152
     4      223.1134             nan     0.1000   14.8303
     5      210.6964             nan     0.1000   12.3733
     6      200.4809             nan     0.1000   10.2604
     7      191.7702             nan     0.1000    8.6810
     8      184.5758             nan     0.1000    7.2166
     9      178.1670             nan     0.1000    6.3804
    10      172.8893             nan     0.1000    5.2685
    20      143.8040             nan     0.1000    1.7772
    40      130.6460             nan     0.1000    0.1888
    60      126.6050             nan     0.1000    0.0722
    80      124.4967             nan     0.1000    0.0296
   100      122.9679             nan     0.1000    0.0688
   120      121.8085             nan     0.1000    0.0185
   140      120.9967             nan     0.1000    0.0010
   150      120.4801             nan     0.1000    0.0658

Iter   TrainDeviance   ValidDeviance   StepSize   Improve
     1      285.4757             nan     0.1000   20.4965
     2      268.8295             nan     0.1000   16.6718
     3      255.2695             nan     0.1000   13.6367
     4      244.0818             nan     0.1000   11.1780
     5      234.9091             nan     0.1000    9.2130
     6      226.1215             nan     0.1000    8.8453
     7      218.7797             nan     0.1000    7.3328
     8      211.8067             nan     0.1000    6.9930
     9      205.8540             nan     0.1000    5.9675
    10      200.3530             nan     0.1000    5.3950
    20      166.4449             nan     0.1000    2.1672
    40      144.5496             nan     0.1000    0.4791
    60      138.8528             nan     0.1000    0.1741
    80      135.8680             nan     0.1000    0.1110
   100      134.0579             nan     0.1000    0.0633
   120      132.8643             nan     0.1000    0.0061
   140      132.0040             nan     0.1000    0.0333
   150      131.6489             nan     0.1000    0.0334

Iter   TrainDeviance   ValidDeviance   StepSize   Improve
     1      281.7866             nan     0.1000   24.1902
     2      261.8140             nan     0.1000   19.9228
     3      245.0754             nan     0.1000   16.7327
     4      231.1601             nan     0.1000   13.9029
     5      219.3279             nan     0.1000   11.7997
     6      209.5056             nan     0.1000    9.8174
     7      200.7259             nan     0.1000    8.7375
     8      193.7196             nan     0.1000    7.0359
     9      187.1167             nan     0.1000    6.5504
    10      181.9837             nan     0.1000    5.1575
    20      151.0177             nan     0.1000    1.6026
    40      135.9922             nan     0.1000    0.4092
    60      131.6589             nan     0.1000    0.1331
    80      129.5387             nan     0.1000    0.0681
   100      128.0882             nan     0.1000    0.0771
   120      127.0589             nan     0.1000    0.0620
   140      126.1457             nan     0.1000    0.0344
   150      125.7722             nan     0.1000    0.0134

Iter   TrainDeviance   ValidDeviance   StepSize   Improve
     1      278.6457             nan     0.1000   27.2696
     2      256.4392             nan     0.1000   22.2167
     3      238.3068             nan     0.1000   18.1766
     4      223.4288             nan     0.1000   14.8742
     5      211.0477             nan     0.1000   12.3055
     6      200.8578             nan     0.1000   10.1707
     7      192.2211             nan     0.1000    8.6327
     8      184.9636             nan     0.1000    7.2855
     9      178.6355             nan     0.1000    6.3355
    10      173.0333             nan     0.1000    5.5684
    20      143.8382             nan     0.1000    1.7785
    40      130.5795             nan     0.1000    0.2758
    60      126.6321             nan     0.1000    0.1321
    80      124.6451             nan     0.1000    0.2119
   100      123.2476             nan     0.1000    0.0180
   120      121.9928             nan     0.1000    0.0289
   140      120.9025             nan     0.1000    0.1543
   150      120.5130             nan     0.1000    0.0047

Iter   TrainDeviance   ValidDeviance   StepSize   Improve
     1      285.3910             nan     0.1000   20.5724
     2      268.6542             nan     0.1000   16.6950
     3      255.0181             nan     0.1000   13.6608
     4      243.8399             nan     0.1000   11.1702
     5      234.6547             nan     0.1000    9.2399
     6      225.8975             nan     0.1000    8.8044
     7      218.5711             nan     0.1000    7.3215
     8      211.6377             nan     0.1000    6.9603
     9      205.6901             nan     0.1000    5.9280
    10      200.0930             nan     0.1000    5.5618
    20      166.1671             nan     0.1000    2.1846
    40      144.2709             nan     0.1000    0.4767
    60      138.5411             nan     0.1000    0.1840
    80      135.5533             nan     0.1000    0.1122
   100      133.6976             nan     0.1000    0.0794
   120      132.5150             nan     0.1000    0.0468
   140      131.6091             nan     0.1000    0.0376
   150      131.2666             nan     0.1000    0.0347

Iter   TrainDeviance   ValidDeviance   StepSize   Improve
     1      281.7533             nan     0.1000   24.2526
     2      261.7571             nan     0.1000   19.9822
     3      245.0036             nan     0.1000   16.8487
     4      231.0579             nan     0.1000   13.9522
     5      219.1888             nan     0.1000   11.8431
     6      209.3783             nan     0.1000    9.8702
     7      200.7865             nan     0.1000    8.6202
     8      193.4807             nan     0.1000    7.3029
     9      187.2209             nan     0.1000    6.2358
    10      180.9198             nan     0.1000    6.3065
    20      150.9680             nan     0.1000    1.6083
    40      135.7971             nan     0.1000    0.3293
    60      131.5389             nan     0.1000    0.1345
    80      129.4348             nan     0.1000    0.0834
   100      127.9599             nan     0.1000    0.0577
   120      126.8466             nan     0.1000    0.0196
   140      125.8051             nan     0.1000    0.0682
   150      125.4425             nan     0.1000    0.0232

Iter   TrainDeviance   ValidDeviance   StepSize   Improve
     1      278.5370             nan     0.1000   27.4459
     2      256.3188             nan     0.1000   22.2787
     3      238.0564             nan     0.1000   18.1996
     4      223.1476             nan     0.1000   14.9371
     5      210.7392             nan     0.1000   12.4147
     6      200.5332             nan     0.1000   10.1806
     7      191.8635             nan     0.1000    8.6568
     8      184.5335             nan     0.1000    7.3329
     9      178.2168             nan     0.1000    6.3145
    10      172.8002             nan     0.1000    5.4213
    20      143.8583             nan     0.1000    1.5513
    40      130.1769             nan     0.1000    0.3116
    60      126.3446             nan     0.1000    0.1456
    80      124.3149             nan     0.1000    0.1018
   100      122.8684             nan     0.1000    0.0551
   120      121.6249             nan     0.1000    0.0317
   140      120.6232             nan     0.1000    0.0084
   150      120.1117             nan     0.1000    0.0135

Iter   TrainDeviance   ValidDeviance   StepSize   Improve
     1      285.7196             nan     0.1000   20.6057
     2      268.9749             nan     0.1000   16.7183
     3      255.3122             nan     0.1000   13.6344
     4      244.0835             nan     0.1000   11.2094
     5      234.8603             nan     0.1000    9.2088
     6      226.0638             nan     0.1000    8.8356
     7      218.7003             nan     0.1000    7.3435
     8      211.7000             nan     0.1000    6.9999
     9      205.7111             nan     0.1000    5.9852
    10      200.1609             nan     0.1000    5.5704
    20      166.3108             nan     0.1000    2.2179
    40      144.3019             nan     0.1000    0.4835
    60      138.5860             nan     0.1000    0.1881
    80      135.5549             nan     0.1000    0.1189
   100      133.6996             nan     0.1000    0.0753
   120      132.4979             nan     0.1000    0.0546
   140      131.6579             nan     0.1000    0.0371
   150      131.3123             nan     0.1000    0.0287

Iter   TrainDeviance   ValidDeviance   StepSize   Improve
     1      282.0624             nan     0.1000   24.2971
     2      262.1868             nan     0.1000   19.7845
     3      245.2450             nan     0.1000   16.9624
     4      231.5293             nan     0.1000   13.6625
     5      219.5357             nan     0.1000   11.9771
     6      209.6634             nan     0.1000    9.9483
     7      200.8945             nan     0.1000    8.7712
     8      193.8212             nan     0.1000    7.0815
     9      187.2966             nan     0.1000    6.5104
    10      182.0846             nan     0.1000    5.2175
    20      150.8750             nan     0.1000    1.7109
    40      135.7855             nan     0.1000    0.3642
    60      131.4628             nan     0.1000    0.1490
    80      129.3234             nan     0.1000    0.1149
   100      127.8129             nan     0.1000    0.0721
   120      126.7787             nan     0.1000    0.0406
   140      125.8658             nan     0.1000    0.0359
   150      125.5181             nan     0.1000    0.0050

Iter   TrainDeviance   ValidDeviance   StepSize   Improve
     1      278.7979             nan     0.1000   27.3565
     2      256.5778             nan     0.1000   22.2254
     3      238.2860             nan     0.1000   18.2163
     4      223.3629             nan     0.1000   14.8369
     5      210.9704             nan     0.1000   12.4201
     6      200.8388             nan     0.1000   10.0958
     7      192.1010             nan     0.1000    8.7066
     8      184.7988             nan     0.1000    7.2978
     9      178.3607             nan     0.1000    6.4156
    10      172.7966             nan     0.1000    5.5314
    20      143.5634             nan     0.1000    1.5756
    40      130.1460             nan     0.1000    0.2634
    60      126.3136             nan     0.1000    0.1327
    80      124.3210             nan     0.1000    0.0570
   100      122.7057             nan     0.1000    0.0333
   120      121.5693             nan     0.1000    0.0328
   140      120.3022             nan     0.1000    0.0351
   150      119.7361             nan     0.1000    0.0535

Iter   TrainDeviance   ValidDeviance   StepSize   Improve
     1      286.1725             nan     0.1000   20.6116
     2      269.3868             nan     0.1000   16.6810
     3      255.8129             nan     0.1000   13.6772
     4      244.6420             nan     0.1000   11.1563
     5      235.3599             nan     0.1000    9.2724
     6      226.5108             nan     0.1000    8.8936
     7      219.2020             nan     0.1000    7.2913
     8      212.1836             nan     0.1000    7.0203
     9      206.1528             nan     0.1000    6.0644
    10      200.5934             nan     0.1000    5.6066
    20      166.6208             nan     0.1000    2.2126
    40      144.7121             nan     0.1000    0.4668
    60      139.0095             nan     0.1000    0.1950
    80      136.0080             nan     0.1000    0.1230
   100      134.1826             nan     0.1000    0.0722
   120      132.9845             nan     0.1000    0.0192
   140      132.1109             nan     0.1000    0.0108
   150      131.7738             nan     0.1000    0.0077

Iter   TrainDeviance   ValidDeviance   StepSize   Improve
     1      282.4889             nan     0.1000   24.2151
     2      262.5094             nan     0.1000   19.9520
     3      245.7076             nan     0.1000   16.7637
     4      231.7584             nan     0.1000   13.9674
     5      219.8146             nan     0.1000   11.8940
     6      209.9218             nan     0.1000    9.8646
     7      201.2970             nan     0.1000    8.6430
     8      193.9483             nan     0.1000    7.3678
     9      187.6932             nan     0.1000    6.2721
    10      181.4046             nan     0.1000    6.2843
    20      150.8153             nan     0.1000    1.7554
    40      135.7329             nan     0.1000    0.3581
    60      131.4963             nan     0.1000    0.1219
    80      129.4064             nan     0.1000    0.0807
   100      128.0066             nan     0.1000    0.0567
   120      126.9718             nan     0.1000    0.0245
   140      126.0685             nan     0.1000    0.0201
   150      125.7167             nan     0.1000    0.0321

Iter   TrainDeviance   ValidDeviance   StepSize   Improve
     1      279.2611             nan     0.1000   27.4292
     2      257.0279             nan     0.1000   22.2529
     3      238.7398             nan     0.1000   18.2912
     4      223.7826             nan     0.1000   15.0078
     5      211.4001             nan     0.1000   12.3583
     6      201.1986             nan     0.1000   10.1672
     7      192.5205             nan     0.1000    8.6330
     8      185.1557             nan     0.1000    7.3995
     9      178.6497             nan     0.1000    6.4811
    10      173.2820             nan     0.1000    5.3503
    20      144.4477             nan     0.1000    1.6155
    40      130.8906             nan     0.1000    0.3129
    60      126.8299             nan     0.1000    0.1246
    80      124.6420             nan     0.1000    0.1097
   100      123.0894             nan     0.1000    0.0608
   120      121.9511             nan     0.1000    0.0207
   140      120.8555             nan     0.1000    0.0492
   150      120.5498             nan     0.1000    0.0263

Iter   TrainDeviance   ValidDeviance   StepSize   Improve
     1      285.5132             nan     0.1000   20.4746
     2      268.9305             nan     0.1000   16.6495
     3      255.2749             nan     0.1000   13.5479
     4      244.1840             nan     0.1000   11.0354
     5      235.0901             nan     0.1000    9.1126
     6      226.1258             nan     0.1000    8.9515
     7      218.8339             nan     0.1000    7.2852
     8      211.9267             nan     0.1000    6.9177
     9      205.8940             nan     0.1000    6.0501
    10      200.3643             nan     0.1000    5.4363
    20      166.6415             nan     0.1000    2.1836
    40      144.7699             nan     0.1000    0.4705
    60      139.0462             nan     0.1000    0.1869
    80      136.0251             nan     0.1000    0.1123
   100      134.2157             nan     0.1000    0.0775
   120      132.9831             nan     0.1000    0.0518
   140      132.1143             nan     0.1000    0.0339
   150      131.7790             nan     0.1000    0.0336

Iter   TrainDeviance   ValidDeviance   StepSize   Improve
     1      281.7933             nan     0.1000   24.2212
     2      261.9861             nan     0.1000   19.8529
     3      245.2814             nan     0.1000   16.7112
     4      231.3364             nan     0.1000   13.9448
     5      219.6053             nan     0.1000   11.6951
     6      209.8198             nan     0.1000    9.7888
     7      201.2866             nan     0.1000    8.5402
     8      193.9536             nan     0.1000    7.3190
     9      187.6726             nan     0.1000    6.2824
    10      181.3066             nan     0.1000    6.3577
    20      151.1320             nan     0.1000    1.6661
    40      136.1796             nan     0.1000    0.2961
    60      131.7963             nan     0.1000    0.0585
    80      129.5871             nan     0.1000    0.0482
   100      128.1792             nan     0.1000    0.0427
   120      127.1591             nan     0.1000    0.0336
   140      126.1604             nan     0.1000    0.0063
   150      125.6300             nan     0.1000    0.0268

Iter   TrainDeviance   ValidDeviance   StepSize   Improve
     1      278.7448             nan     0.1000   27.1524
     2      256.5550             nan     0.1000   22.1953
     3      238.3827             nan     0.1000   18.2021
     4      223.4678             nan     0.1000   14.9158
     5      211.1156             nan     0.1000   12.3303
     6      200.9957             nan     0.1000   10.1336
     7      192.3413             nan     0.1000    8.6843
     8      184.9622             nan     0.1000    7.3880
     9      178.4857             nan     0.1000    6.4279
    10      172.9430             nan     0.1000    5.5543
    20      143.9407             nan     0.1000    1.5681
    40      130.7545             nan     0.1000    0.2516
    60      126.9495             nan     0.1000    0.1132
    80      125.0204             nan     0.1000    0.1233
   100      123.5951             nan     0.1000    0.0854
   120      122.2886             nan     0.1000    0.0530
   140      121.2782             nan     0.1000    0.0649
   150      120.6666             nan     0.1000    0.0796

Iter   TrainDeviance   ValidDeviance   StepSize   Improve
     1      286.0546             nan     0.1000   20.5589
     2      269.3283             nan     0.1000   16.7674
     3      255.7008             nan     0.1000   13.6476
     4      244.5501             nan     0.1000   11.2011
     5      235.4070             nan     0.1000    9.1022
     6      226.4538             nan     0.1000    8.9437
     7      219.0994             nan     0.1000    7.3738
     8      212.1391             nan     0.1000    6.9393
     9      206.0633             nan     0.1000    6.0404
    10      200.5094             nan     0.1000    5.5784
    20      166.5660             nan     0.1000    2.2131
    40      144.6944             nan     0.1000    0.4772
    60      138.9790             nan     0.1000    0.1842
    80      135.9757             nan     0.1000    0.1189
   100      134.1363             nan     0.1000    0.0775
   120      132.8727             nan     0.1000    0.0505
   140      132.0146             nan     0.1000    0.0395
   150      131.6524             nan     0.1000    0.0323

Iter   TrainDeviance   ValidDeviance   StepSize   Improve
     1      282.4221             nan     0.1000   24.3606
     2      262.6993             nan     0.1000   19.7915
     3      246.2367             nan     0.1000   16.5202
     4      232.3199             nan     0.1000   13.9147
     5      220.2911             nan     0.1000   12.0321
     6      210.2681             nan     0.1000    9.9936
     7      201.4600             nan     0.1000    8.7931
     8      194.3094             nan     0.1000    7.1097
     9      187.7497             nan     0.1000    6.5400
    10      181.4624             nan     0.1000    6.2837
    20      151.1155             nan     0.1000    1.6057
    40      136.0761             nan     0.1000    0.3447
    60      131.6618             nan     0.1000    0.1377
    80      129.4687             nan     0.1000    0.0640
   100      128.0816             nan     0.1000    0.0833
   120      126.9928             nan     0.1000    0.0277
   140      126.1129             nan     0.1000    0.0220
   150      125.7127             nan     0.1000    0.0243

Iter   TrainDeviance   ValidDeviance   StepSize   Improve
     1      279.2909             nan     0.1000   27.5317
     2      257.0505             nan     0.1000   22.2887
     3      238.8268             nan     0.1000   18.0806
     4      223.7513             nan     0.1000   15.0821
     5      211.4804             nan     0.1000   12.2531
     6      201.0414             nan     0.1000   10.4005
     7      192.3665             nan     0.1000    8.6713
     8      185.0056             nan     0.1000    7.3616
     9      178.7743             nan     0.1000    6.1527
    10      173.2706             nan     0.1000    5.4715
    20      144.4022             nan     0.1000    1.5863
    40      130.7511             nan     0.1000    0.2940
    60      126.8968             nan     0.1000    0.1508
    80      124.8466             nan     0.1000    0.0870
   100      123.4500             nan     0.1000    0.0631
   120      122.1326             nan     0.1000    0.0512
   140      121.0615             nan     0.1000    0.0462
   150      120.6699             nan     0.1000    0.0507

Iter   TrainDeviance   ValidDeviance   StepSize   Improve
     1      285.4198             nan     0.1000   20.5617
     2      268.6621             nan     0.1000   16.7516
     3      254.9511             nan     0.1000   13.6972
     4      243.8315             nan     0.1000   11.1343
     5      234.5110             nan     0.1000    9.2657
     6      225.7419             nan     0.1000    8.7542
     7      218.3631             nan     0.1000    7.3010
     8      211.4038             nan     0.1000    6.9300
     9      205.3582             nan     0.1000    6.0594
    10      199.7927             nan     0.1000    5.5392
    20      166.0430             nan     0.1000    2.1922
    40      144.2449             nan     0.1000    0.4730
    60      138.5376             nan     0.1000    0.1982
    80      135.5328             nan     0.1000    0.1158
   100      133.6952             nan     0.1000    0.0671
   120      132.5195             nan     0.1000    0.0467
   140      131.6841             nan     0.1000    0.0313
   150      131.3518             nan     0.1000    0.0268

Iter   TrainDeviance   ValidDeviance   StepSize   Improve
     1      281.6816             nan     0.1000   24.2817
     2      261.7061             nan     0.1000   19.9657
     3      244.9319             nan     0.1000   16.7717
     4      230.9841             nan     0.1000   13.9665
     5      219.1486             nan     0.1000   11.9017
     6      209.3529             nan     0.1000    9.8096
     7      200.7661             nan     0.1000    8.5984
     8      193.4463             nan     0.1000    7.3572
     9      187.1514             nan     0.1000    6.3122
    10      180.8358             nan     0.1000    6.2617
    20      150.5039             nan     0.1000    1.6925
    40      135.4610             nan     0.1000    0.3654
    60      131.2290             nan     0.1000    0.1229
    80      129.2029             nan     0.1000    0.0415
   100      127.9221             nan     0.1000    0.0437
   120      126.8680             nan     0.1000    0.0124
   140      125.9549             nan     0.1000    0.0202
   150      125.5936             nan     0.1000    0.0378

Iter   TrainDeviance   ValidDeviance   StepSize   Improve
     1      278.6516             nan     0.1000   27.4301
     2      256.4221             nan     0.1000   22.3115
     3      238.1427             nan     0.1000   18.2921
     4      223.2460             nan     0.1000   14.9078
     5      210.8118             nan     0.1000   12.3950
     6      200.6417             nan     0.1000   10.1912
     7      191.9388             nan     0.1000    8.6885
     8      184.5860             nan     0.1000    7.3477
     9      178.2514             nan     0.1000    6.2979
    10      172.9540             nan     0.1000    5.2805
    20      143.5789             nan     0.1000    1.4005
    40      130.3382             nan     0.1000    0.3126
    60      126.5244             nan     0.1000    0.1068
    80      124.4386             nan     0.1000    0.0622
   100      123.0517             nan     0.1000    0.0275
   120      121.8974             nan     0.1000    0.0403
   140      120.9486             nan     0.1000    0.0411
   150      120.5015             nan     0.1000    0.0426

Iter   TrainDeviance   ValidDeviance   StepSize   Improve
     1      285.5494             nan     0.1000   20.5762
     2      268.8641             nan     0.1000   16.7245
     3      255.2113             nan     0.1000   13.6462
     4      244.0433             nan     0.1000   11.1936
     5      234.8099             nan     0.1000    9.2382
     6      226.0263             nan     0.1000    8.8345
     7      218.6382             nan     0.1000    7.3462
     8      211.6622             nan     0.1000    6.9708
     9      205.6756             nan     0.1000    6.0004
    10      200.0847             nan     0.1000    5.5561
    20      166.2206             nan     0.1000    2.1842
    40      144.3385             nan     0.1000    0.4729
    60      138.6384             nan     0.1000    0.1987
    80      135.6429             nan     0.1000    0.1202
   100      133.7900             nan     0.1000    0.0665
   120      132.5769             nan     0.1000    0.0438
   140      131.6940             nan     0.1000    0.0396
   150      131.3364             nan     0.1000    0.0311

Iter   TrainDeviance   ValidDeviance   StepSize   Improve
     1      281.8370             nan     0.1000   24.3044
     2      261.9601             nan     0.1000   19.8504
     3      245.5679             nan     0.1000   16.3745
     4      231.1049             nan     0.1000   14.5233
     5      219.5828             nan     0.1000   11.4794
     6      209.2767             nan     0.1000   10.3844
     7      200.9324             nan     0.1000    8.3462
     8      193.5326             nan     0.1000    7.4228
     9      187.1798             nan     0.1000    6.3396
    10      180.8775             nan     0.1000    6.2323
    20      150.2792             nan     0.1000    1.6537
    40      135.0882             nan     0.1000    0.3202
    60      130.4882             nan     0.1000    0.1491
    80      128.4211             nan     0.1000    0.0606
   100      126.9440             nan     0.1000    0.0674
   120      125.8603             nan     0.1000    0.0209
   140      124.8844             nan     0.1000    0.0707
   150      124.5279             nan     0.1000    0.0232

Iter   TrainDeviance   ValidDeviance   StepSize   Improve
     1      278.6940             nan     0.1000   27.3542
     2      256.3902             nan     0.1000   22.1531
     3      238.2207             nan     0.1000   18.2420
     4      223.2783             nan     0.1000   14.9216
     5      210.8895             nan     0.1000   12.4165
     6      200.7427             nan     0.1000   10.1877
     7      192.0146             nan     0.1000    8.7083
     8      184.7478             nan     0.1000    7.3074
     9      178.2189             nan     0.1000    6.4975
    10      172.6153             nan     0.1000    5.5497
    20      143.4148             nan     0.1000    1.5415
    40      130.2273             nan     0.1000    0.4170
    60      126.4595             nan     0.1000    0.1318
    80      124.4282             nan     0.1000    0.1043
   100      122.9624             nan     0.1000    0.0872
   120      121.8784             nan     0.1000    0.0384
   140      120.9527             nan     0.1000    0.1074
   150      120.2428             nan     0.1000    0.1442

Iter   TrainDeviance   ValidDeviance   StepSize   Improve
     1      285.6397             nan     0.1000   20.6540
     2      268.9336             nan     0.1000   16.7410
     3      255.2371             nan     0.1000   13.6676
     4      244.0585             nan     0.1000   11.1984
     5      234.7815             nan     0.1000    9.2604
     6      225.9469             nan     0.1000    8.7971
     7      218.5535             nan     0.1000    7.3302
     8      211.5759             nan     0.1000    6.9799
     9      205.5720             nan     0.1000    6.0120
    10      199.9766             nan     0.1000    5.5760
    20      166.1506             nan     0.1000    2.2080
    40      144.3278             nan     0.1000    0.4688
    60      138.5824             nan     0.1000    0.1789
    80      135.6025             nan     0.1000    0.1233
   100      133.7574             nan     0.1000    0.0669
   120      132.5800             nan     0.1000    0.0337
   140      131.7551             nan     0.1000    0.0345
   150      131.4182             nan     0.1000    0.0322

Iter   TrainDeviance   ValidDeviance   StepSize   Improve
     1      282.1227             nan     0.1000   24.2902
     2      262.1623             nan     0.1000   20.0024
     3      245.2783             nan     0.1000   16.8891
     4      231.3101             nan     0.1000   13.9769
     5      219.4327             nan     0.1000   11.8962
     6      209.6125             nan     0.1000    9.8068
     7      201.0045             nan     0.1000    8.5975
     8      193.6446             nan     0.1000    7.3324
     9      187.3543             nan     0.1000    6.2776
    10      181.7849             nan     0.1000    5.5480
    20      150.5241             nan     0.1000    1.6410
    40      135.5098             nan     0.1000    0.3539
    60      131.1492             nan     0.1000    0.1227
    80      129.0462             nan     0.1000    0.0901
   100      127.7228             nan     0.1000    0.0516
   120      126.5334             nan     0.1000    0.0528
   140      125.6898             nan     0.1000    0.0409
   150      125.1710             nan     0.1000    0.0804

Iter   TrainDeviance   ValidDeviance   StepSize   Improve
     1      278.9822             nan     0.1000   27.3801
     2      256.6963             nan     0.1000   22.2662
     3      238.3992             nan     0.1000   18.3046
     4      223.5285             nan     0.1000   14.8473
     5      211.1203             nan     0.1000   12.3771
     6      200.7650             nan     0.1000   10.3002
     7      192.1850             nan     0.1000    8.5727
     8      184.9760             nan     0.1000    7.2355
     9      178.5781             nan     0.1000    6.3596
    10      173.1326             nan     0.1000    5.4280
    20      144.1879             nan     0.1000    1.5258
    40      130.2158             nan     0.1000    0.3087
    60      126.4008             nan     0.1000    0.0792
    80      124.3339             nan     0.1000    0.1005
   100      122.9736             nan     0.1000    0.0513
   120      121.6296             nan     0.1000    0.0418
   140      120.7492             nan     0.1000    0.0648
   150      120.3512             nan     0.1000    0.0481

Iter   TrainDeviance   ValidDeviance   StepSize   Improve
     1      285.3747             nan     0.1000   20.5044
     2      268.6670             nan     0.1000   16.6977
     3      255.0681             nan     0.1000   13.6116
     4      243.8782             nan     0.1000   11.1214
     5      234.6108             nan     0.1000    9.2080
     6      225.7227             nan     0.1000    8.8697
     7      218.4310             nan     0.1000    7.3104
     8      211.4348             nan     0.1000    6.9997
     9      205.4733             nan     0.1000    5.9745
    10      199.9391             nan     0.1000    5.6145
    20      166.0804             nan     0.1000    2.1904
    40      144.1439             nan     0.1000    0.5092
    60      138.4403             nan     0.1000    0.1898
    80      135.4577             nan     0.1000    0.1093
   100      133.6056             nan     0.1000    0.0642
   120      132.4050             nan     0.1000    0.0517
   140      131.5752             nan     0.1000    0.0365
   150      131.2242             nan     0.1000    0.0327

Iter   TrainDeviance   ValidDeviance   StepSize   Improve
     1      281.6853             nan     0.1000   24.2149
     2      261.7140             nan     0.1000   19.9256
     3      244.8391             nan     0.1000   16.7652
     4      230.9298             nan     0.1000   13.9136
     5      219.0924             nan     0.1000   11.8589
     6      209.2544             nan     0.1000    9.7870
     7      200.6606             nan     0.1000    8.5894
     8      193.2827             nan     0.1000    7.3743
     9      186.9801             nan     0.1000    6.3001
    10      180.7290             nan     0.1000    6.2144
    20      150.5260             nan     0.1000    1.6237
    40      135.4514             nan     0.1000    0.3528
    60      131.0615             nan     0.1000    0.1867
    80      128.9238             nan     0.1000    0.0820
   100      127.5336             nan     0.1000    0.0563
   120      126.4409             nan     0.1000    0.1152
   140      125.5591             nan     0.1000    0.0061
   150      125.1403             nan     0.1000    0.0471

Iter   TrainDeviance   ValidDeviance   StepSize   Improve
     1      278.5874             nan     0.1000   27.3317
     2      256.2568             nan     0.1000   22.2746
     3      238.0442             nan     0.1000   18.2666
     4      223.1820             nan     0.1000   14.8155
     5      210.7863             nan     0.1000   12.3932
     6      200.4010             nan     0.1000   10.3450
     7      191.6767             nan     0.1000    8.6764
     8      184.1863             nan     0.1000    7.4755
     9      177.9626             nan     0.1000    6.2041
    10      172.5238             nan     0.1000    5.4165
    20      142.8684             nan     0.1000    1.6026
    40      129.5856             nan     0.1000    0.2801
    60      125.7982             nan     0.1000    0.1536
    80      123.9338             nan     0.1000    0.0530
   100      122.4638             nan     0.1000    0.0885
   120      121.1810             nan     0.1000    0.0925
   140      120.1628             nan     0.1000    0.0672
   150      119.7541             nan     0.1000    0.0329

Iter   TrainDeviance   ValidDeviance   StepSize   Improve
     1      285.6371             nan     0.1000   20.5247
     2      268.9189             nan     0.1000   16.6643
     3      255.2666             nan     0.1000   13.6550
     4      244.1889             nan     0.1000   11.0771
     5      234.9322             nan     0.1000    9.2458
     6      226.1809             nan     0.1000    8.7685
     7      218.8789             nan     0.1000    7.2859
     8      211.9879             nan     0.1000    6.8562
     9      205.9512             nan     0.1000    6.0457
    10      200.4325             nan     0.1000    5.5477
    20      166.6904             nan     0.1000    2.1927
    40      144.8483             nan     0.1000    0.4856
    60      139.1309             nan     0.1000    0.1955
    80      136.1188             nan     0.1000    0.1229
   100      134.2642             nan     0.1000    0.0696
   120      133.0379             nan     0.1000    0.0504
   140      132.1421             nan     0.1000    0.0365
   150      131.7958             nan     0.1000    0.0210

Iter   TrainDeviance   ValidDeviance   StepSize   Improve
     1      282.0530             nan     0.1000   24.1028
     2      262.1852             nan     0.1000   19.8824
     3      245.5087             nan     0.1000   16.8809
     4      231.6261             nan     0.1000   13.9816
     5      219.8154             nan     0.1000   11.8002
     6      209.8685             nan     0.1000    9.9781
     7      201.2813             nan     0.1000    8.5266
     8      193.9446             nan     0.1000    7.3271
     9      187.6387             nan     0.1000    6.2832
    10      181.3325             nan     0.1000    6.3337
    20      151.3501             nan     0.1000    1.6139
    40      136.2415             nan     0.1000    0.3120
    60      131.8711             nan     0.1000    0.1491
    80      129.7148             nan     0.1000    0.1122
   100      128.2302             nan     0.1000    0.0465
   120      127.0993             nan     0.1000    0.0525
   140      126.2349             nan     0.1000    0.0122
   150      125.7781             nan     0.1000    0.0284

Iter   TrainDeviance   ValidDeviance   StepSize   Improve
     1      278.9085             nan     0.1000   27.2851
     2      256.7166             nan     0.1000   22.2094
     3      238.5235             nan     0.1000   18.2409
     4      223.5367             nan     0.1000   14.8931
     5      211.1923             nan     0.1000   12.3193
     6      201.0082             nan     0.1000   10.1416
     7      192.5497             nan     0.1000    8.4439
     8      185.0076             nan     0.1000    7.5671
     9      178.7369             nan     0.1000    6.2334
    10      173.5804             nan     0.1000    5.1602
    20      143.9968             nan     0.1000    1.6673
    40      130.5200             nan     0.1000    0.3255
    60      126.8196             nan     0.1000    0.1243
    80      124.5415             nan     0.1000    0.1483
   100      122.7793             nan     0.1000    0.0743
   120      121.6194             nan     0.1000    0.0653
   140      120.7184             nan     0.1000    0.0692
   150      120.2141             nan     0.1000    0.0447

Iter   TrainDeviance   ValidDeviance   StepSize   Improve
     1      285.6180             nan     0.1000   20.5084
     2      268.9108             nan     0.1000   16.6790
     3      255.3349             nan     0.1000   13.6304
     4      244.2176             nan     0.1000   11.1434
     5      234.9465             nan     0.1000    9.2432
     6      226.1574             nan     0.1000    8.7969
     7      218.8919             nan     0.1000    7.3008
     8      211.9845             nan     0.1000    6.9130
     9      205.9989             nan     0.1000    5.9437
    10      200.4387             nan     0.1000    5.5787
    20      166.6359             nan     0.1000    2.2181
    40      144.6642             nan     0.1000    0.4897
    60      138.9473             nan     0.1000    0.1937
    80      135.9334             nan     0.1000    0.1207
   100      134.0989             nan     0.1000    0.0764
   120      132.9001             nan     0.1000    0.0524
   140      132.0790             nan     0.1000    0.0353
   150      131.7263             nan     0.1000    0.0336

Iter   TrainDeviance   ValidDeviance   StepSize   Improve
     1      281.9413             nan     0.1000   24.2719
     2      262.0179             nan     0.1000   19.9217
     3      245.2837             nan     0.1000   16.7628
     4      231.2935             nan     0.1000   13.8856
     5      219.4129             nan     0.1000   11.7842
     6      209.5646             nan     0.1000    9.8176
     7      200.8608             nan     0.1000    8.6385
     8      193.6333             nan     0.1000    7.2669
     9      187.3897             nan     0.1000    6.2588
    10      181.0949             nan     0.1000    6.2897
    20      151.0211             nan     0.1000    1.6141
    40      135.9766             nan     0.1000    0.3574
    60      131.6035             nan     0.1000    0.1873
    80      129.4445             nan     0.1000    0.0688
   100      127.9279             nan     0.1000    0.0504
   120      126.8450             nan     0.1000    0.0409
   140      126.0814             nan     0.1000    0.0066
   150      125.5716             nan     0.1000    0.0260

Iter   TrainDeviance   ValidDeviance   StepSize   Improve
     1      278.8631             nan     0.1000   27.2371
     2      256.5899             nan     0.1000   22.1213
     3      238.4110             nan     0.1000   18.2391
     4      223.4713             nan     0.1000   14.8876
     5      211.0617             nan     0.1000   12.4124
     6      200.9524             nan     0.1000   10.1030
     7      192.3026             nan     0.1000    8.6469
     8      185.1560             nan     0.1000    7.1450
     9      178.7079             nan     0.1000    6.4564
    10      173.2990             nan     0.1000    5.4506
    20      144.1222             nan     0.1000    1.5426
    40      130.5059             nan     0.1000    0.3173
    60      126.7135             nan     0.1000    0.0841
    80      124.5046             nan     0.1000    0.0791
   100      123.0279             nan     0.1000    0.0606
   120      121.9851             nan     0.1000    0.0812
   140      120.8395             nan     0.1000    0.0171
   150      120.2873             nan     0.1000    0.0638

Iter   TrainDeviance   ValidDeviance   StepSize   Improve
     1      285.2571             nan     0.1000   20.5467
     2      268.5664             nan     0.1000   16.6943
     3      254.9026             nan     0.1000   13.6515
     4      243.7255             nan     0.1000   11.1628
     5      234.4233             nan     0.1000    9.2226
     6      225.6563             nan     0.1000    8.8145
     7      218.4050             nan     0.1000    7.2742
     8      211.4679             nan     0.1000    6.9808
     9      205.4703             nan     0.1000    6.0007
    10      199.8550             nan     0.1000    5.5530
    20      165.9902             nan     0.1000    2.2061
    40      144.1151             nan     0.1000    0.4749
    60      138.4130             nan     0.1000    0.1858
    80      135.3915             nan     0.1000    0.1133
   100      133.5425             nan     0.1000    0.0692
   120      132.3521             nan     0.1000    0.0437
   140      131.4903             nan     0.1000    0.0333
   150      131.1546             nan     0.1000    0.0057

Iter   TrainDeviance   ValidDeviance   StepSize   Improve
     1      281.6508             nan     0.1000   24.3118
     2      261.7965             nan     0.1000   19.8620
     3      245.2445             nan     0.1000   16.4781
     4      230.7578             nan     0.1000   14.5140
     5      219.0626             nan     0.1000   11.7229
     6      209.3105             nan     0.1000    9.7381
     7      200.7827             nan     0.1000    8.4926
     8      193.3866             nan     0.1000    7.3796
     9      187.1085             nan     0.1000    6.2855
    10      180.8293             nan     0.1000    6.3208
    20      150.0969             nan     0.1000    1.7370
    40      134.7131             nan     0.1000    0.3627
    60      130.3148             nan     0.1000    0.1324
    80      128.2293             nan     0.1000    0.0527
   100      126.8730             nan     0.1000    0.0360
   120      125.7186             nan     0.1000    0.0602
   140      124.7939             nan     0.1000    0.0430
   150      124.4146             nan     0.1000    0.0262

Iter   TrainDeviance   ValidDeviance   StepSize   Improve
     1      278.4505             nan     0.1000   27.1842
     2      256.2223             nan     0.1000   22.2199
     3      237.9505             nan     0.1000   18.3056
     4      222.9690             nan     0.1000   14.9486
     5      210.6003             nan     0.1000   12.4308
     6      200.4206             nan     0.1000   10.1200
     7      191.8599             nan     0.1000    8.5798
     8      184.5619             nan     0.1000    7.2518
     9      178.2610             nan     0.1000    6.2887
    10      172.6812             nan     0.1000    5.5623
    20      143.8181             nan     0.1000    1.4297
    40      130.1889             nan     0.1000    0.2858
    60      126.5102             nan     0.1000    0.1244
    80      124.5771             nan     0.1000    0.0797
   100      123.0747             nan     0.1000    0.0831
   120      121.6118             nan     0.1000    0.0123
   140      120.5766             nan     0.1000    0.0121
   150      119.8897             nan     0.1000    0.0347

Iter   TrainDeviance   ValidDeviance   StepSize   Improve
     1      285.8188             nan     0.1000   20.5771
     2      269.0925             nan     0.1000   16.7077
     3      255.4001             nan     0.1000   13.6190
     4      244.2005             nan     0.1000   11.1784
     5      235.0178             nan     0.1000    9.1918
     6      226.2273             nan     0.1000    8.8429
     7      218.8710             nan     0.1000    7.3480
     8      211.9147             nan     0.1000    6.9394
     9      205.9216             nan     0.1000    5.9663
    10      200.3333             nan     0.1000    5.5611
    20      166.5641             nan     0.1000    2.2093
    40      144.5876             nan     0.1000    0.5242
    60      138.8843             nan     0.1000    0.1890
    80      135.8687             nan     0.1000    0.1182
   100      134.0323             nan     0.1000    0.0769
   120      132.7810             nan     0.1000    0.0454
   140      131.9078             nan     0.1000    0.0385
   150      131.5521             nan     0.1000    0.0346

Iter   TrainDeviance   ValidDeviance   StepSize   Improve
     1      282.1414             nan     0.1000   24.2104
     2      262.1123             nan     0.1000   19.9883
     3      245.3377             nan     0.1000   16.6910
     4      231.4144             nan     0.1000   13.9365
     5      219.5185             nan     0.1000   11.8701
     6      209.6003             nan     0.1000    9.8503
     7      200.8157             nan     0.1000    8.7727
     8      193.7363             nan     0.1000    7.0546
     9      187.4713             nan     0.1000    6.2105
    10      181.0826             nan     0.1000    6.3681
    20      150.8513             nan     0.1000    1.6092
    40      135.7901             nan     0.1000    0.3306
    60      131.4427             nan     0.1000    0.0797
    80      129.3349             nan     0.1000    0.0869
   100      127.8556             nan     0.1000    0.0933
   120      126.6827             nan     0.1000    0.0501
   140      125.7663             nan     0.1000    0.0402
   150      125.3307             nan     0.1000    0.0556

Iter   TrainDeviance   ValidDeviance   StepSize   Improve
     1      278.9798             nan     0.1000   27.3781
     2      256.8020             nan     0.1000   22.3139
     3      238.6848             nan     0.1000   18.1376
     4      223.7193             nan     0.1000   15.0239
     5      211.2960             nan     0.1000   12.3312
     6      200.9469             nan     0.1000   10.3059
     7      192.3729             nan     0.1000    8.5738
     8      185.1259             nan     0.1000    7.2660
     9      178.6821             nan     0.1000    6.4391
    10      173.2434             nan     0.1000    5.4138
    20      144.1694             nan     0.1000    1.5507
    40      130.4740             nan     0.1000    0.2400
    60      126.5985             nan     0.1000    0.1312
    80      124.4124             nan     0.1000    0.1018
   100      122.8435             nan     0.1000    0.0542
   120      121.7882             nan     0.1000    0.0953
   140      121.0136             nan     0.1000    0.0050
   150      120.6063             nan     0.1000    0.0288

Iter   TrainDeviance   ValidDeviance   StepSize   Improve
     1      285.4111             nan     0.1000   20.5205
     2      268.7360             nan     0.1000   16.6907
     3      255.0773             nan     0.1000   13.6386
     4      243.9440             nan     0.1000   11.0827
     5      234.7157             nan     0.1000    9.2290
     6      225.9066             nan     0.1000    8.8115
     7      218.5863             nan     0.1000    7.2935
     8      211.6564             nan     0.1000    7.0061
     9      205.5832             nan     0.1000    6.0324
    10      199.9780             nan     0.1000    5.5591
    20      166.2136             nan     0.1000    2.1723
    40      144.2860             nan     0.1000    0.4779
    60      138.5544             nan     0.1000    0.1932
    80      135.5650             nan     0.1000    0.1132
   100      133.7460             nan     0.1000    0.0745
   120      132.5097             nan     0.1000    0.0496
   140      131.6426             nan     0.1000    0.0383
   150      131.2749             nan     0.1000    0.0320

Iter   TrainDeviance   ValidDeviance   StepSize   Improve
     1      281.7524             nan     0.1000   24.2701
     2      261.8179             nan     0.1000   19.9718
     3      245.0627             nan     0.1000   16.7563
     4      231.2864             nan     0.1000   13.8141
     5      219.3053             nan     0.1000   11.9443
     6      209.4708             nan     0.1000    9.7623
     7      200.8562             nan     0.1000    8.5334
     8      193.4745             nan     0.1000    7.3315
     9      187.2189             nan     0.1000    6.2247
    10      180.9792             nan     0.1000    6.2967
    20      150.6191             nan     0.1000    1.6900
    40      135.7244             nan     0.1000    0.3186
    60      131.3680             nan     0.1000    0.0774
    80      129.1834             nan     0.1000    0.1076
   100      127.8569             nan     0.1000    0.0574
   120      126.7536             nan     0.1000    0.0174
   140      125.7424             nan     0.1000    0.0326
   150      125.3910             nan     0.1000    0.0264

Iter   TrainDeviance   ValidDeviance   StepSize   Improve
     1      278.5946             nan     0.1000   27.3530
     2      256.3662             nan     0.1000   22.3115
     3      238.2919             nan     0.1000   18.1546
     4      223.3403             nan     0.1000   14.9908
     5      210.9754             nan     0.1000   12.3993
     6      200.8128             nan     0.1000   10.1252
     7      192.1551             nan     0.1000    8.6739
     8      184.7971             nan     0.1000    7.3554
     9      178.4720             nan     0.1000    6.3104
    10      173.1369             nan     0.1000    5.3504
    20      143.9386             nan     0.1000    1.6707
    40      130.3163             nan     0.1000    0.3183
    60      126.3624             nan     0.1000    0.1343
    80      124.2800             nan     0.1000    0.0776
   100      122.6768             nan     0.1000    0.0802
   120      121.4970             nan     0.1000    0.0802
   140      120.4842             nan     0.1000    0.0253
   150      119.9752             nan     0.1000    0.0140

Iter   TrainDeviance   ValidDeviance   StepSize   Improve
     1      285.4274             nan     0.1000   20.5304
     2      268.7349             nan     0.1000   16.6809
     3      255.0889             nan     0.1000   13.6628
     4      243.9001             nan     0.1000   11.1351
     5      234.6010             nan     0.1000    9.2357
     6      225.8337             nan     0.1000    8.7183
     7      218.5523             nan     0.1000    7.2532
     8      211.6347             nan     0.1000    6.9164
     9      205.5441             nan     0.1000    6.0682
    10      199.9375             nan     0.1000    5.5957
    20      166.1552             nan     0.1000    2.2084
    40      144.3679             nan     0.1000    0.4723
    60      138.6872             nan     0.1000    0.1971
    80      135.7181             nan     0.1000    0.1117
   100      133.8994             nan     0.1000    0.0679
   120      132.6740             nan     0.1000    0.0522
   140      131.8007             nan     0.1000    0.0332
   150      131.4377             nan     0.1000    0.0265

Iter   TrainDeviance   ValidDeviance   StepSize   Improve
     1      281.7137             nan     0.1000   24.1758
     2      261.9860             nan     0.1000   19.7293
     3      245.5527             nan     0.1000   16.3219
     4      231.6682             nan     0.1000   13.8966
     5      219.6635             nan     0.1000   12.0517
     6      209.8341             nan     0.1000    9.8889
     7      201.0705             nan     0.1000    8.7152
     8      194.0104             nan     0.1000    7.1079
     9      187.3881             nan     0.1000    6.5696
    10      182.2143             nan     0.1000    5.2085
    20      150.7111             nan     0.1000    1.6081
    40      135.5784             nan     0.1000    0.3084
    60      131.2030             nan     0.1000    0.1378
    80      129.0473             nan     0.1000    0.0822
   100      127.6869             nan     0.1000    0.0354
   120      126.5662             nan     0.1000    0.0384
   140      125.6075             nan     0.1000    0.0461
   150      125.2464             nan     0.1000    0.0200

Iter   TrainDeviance   ValidDeviance   StepSize   Improve
     1      278.6016             nan     0.1000   27.2700
     2      256.3915             nan     0.1000   22.1941
     3      238.2026             nan     0.1000   18.0833
     4      223.2470             nan     0.1000   14.9230
     5      210.9580             nan     0.1000   12.3295
     6      200.6863             nan     0.1000   10.2553
     7      191.9394             nan     0.1000    8.7160
     8      184.5295             nan     0.1000    7.3914
     9      178.2865             nan     0.1000    6.2215
    10      173.0422             nan     0.1000    5.2038
    20      143.7865             nan     0.1000    1.6784
    40      130.5768             nan     0.1000    0.2612
    60      126.8747             nan     0.1000    0.1240
    80      124.7079             nan     0.1000    0.1055
   100      123.2973             nan     0.1000    0.0691
   120      121.8964             nan     0.1000    0.0540
   140      120.8149             nan     0.1000    0.0408
   150      120.4670             nan     0.1000   -0.0051

Iter   TrainDeviance   ValidDeviance   StepSize   Improve
     1      285.7448             nan     0.1000   20.5586
     2      269.0932             nan     0.1000   16.6889
     3      255.5320             nan     0.1000   13.6438
     4      244.3898             nan     0.1000   11.2504
     5      235.1895             nan     0.1000    9.1974
     6      226.4702             nan     0.1000    8.7894
     7      219.0509             nan     0.1000    7.3573
     8      212.0984             nan     0.1000    6.9414
     9      206.1663             nan     0.1000    5.9494
    10      200.5565             nan     0.1000    5.5694
    20      166.6863             nan     0.1000    2.2519
    40      144.8718             nan     0.1000    0.4898
    60      139.1274             nan     0.1000    0.1820
    80      136.1164             nan     0.1000    0.1156
   100      134.2658             nan     0.1000    0.0751
   120      133.0756             nan     0.1000    0.0466
   140      132.2324             nan     0.1000    0.0293
   150      131.8854             nan     0.1000    0.0317

Iter   TrainDeviance   ValidDeviance   StepSize   Improve
     1      282.2967             nan     0.1000   24.2364
     2      262.5061             nan     0.1000   19.6993
     3      245.5943             nan     0.1000   16.8509
     4      231.7390             nan     0.1000   13.9323
     5      219.7687             nan     0.1000   11.9741
     6      209.8108             nan     0.1000    9.8824
     7      201.1220             nan     0.1000    8.6597
     8      194.0227             nan     0.1000    7.0870
     9      187.5110             nan     0.1000    6.4958
    10      181.3089             nan     0.1000    6.2433
    20      150.8607             nan     0.1000    1.6010
    40      135.8067             nan     0.1000    0.3486
    60      131.3889             nan     0.1000    0.1322
    80      129.4068             nan     0.1000    0.0334
   100      127.8339             nan     0.1000    0.0736
   120      126.7458             nan     0.1000    0.0733
   140      125.9666             nan     0.1000    0.0261
   150      125.5397             nan     0.1000    0.0579

Iter   TrainDeviance   ValidDeviance   StepSize   Improve
     1      279.0785             nan     0.1000   27.3626
     2      256.8456             nan     0.1000   22.2780
     3      238.6303             nan     0.1000   18.1598
     4      223.7135             nan     0.1000   14.8356
     5      211.3264             nan     0.1000   12.3713
     6      201.0947             nan     0.1000   10.1374
     7      192.3091             nan     0.1000    8.7760
     8      185.0982             nan     0.1000    7.2299
     9      178.7758             nan     0.1000    6.3355
    10      173.4641             nan     0.1000    5.2891
    20      144.3263             nan     0.1000    1.5280
    40      130.7808             nan     0.1000    0.2972
    60      126.9358             nan     0.1000    0.1146
    80      124.8537             nan     0.1000    0.0598
   100      123.1673             nan     0.1000    0.0763
   120      122.0191             nan     0.1000    0.0474
   140      120.8461             nan     0.1000    0.0721
   150      120.2831             nan     0.1000    0.0892

Iter   TrainDeviance   ValidDeviance   StepSize   Improve
     1      285.8200             nan     0.1000   20.5523
     2      269.1405             nan     0.1000   16.7315
     3      255.4436             nan     0.1000   13.6576
     4      244.2401             nan     0.1000   11.1680
     5      235.0473             nan     0.1000    9.2222
     6      226.2374             nan     0.1000    8.8573
     7      218.8708             nan     0.1000    7.3171
     8      211.8652             nan     0.1000    6.9499
     9      205.8729             nan     0.1000    5.9560
    10      200.2911             nan     0.1000    5.5351
    20      166.5357             nan     0.1000    2.2035
    40      144.6853             nan     0.1000    0.4555
    60      138.9762             nan     0.1000    0.1845
    80      135.9646             nan     0.1000    0.1114
   100      134.1051             nan     0.1000    0.0695
   120      132.9138             nan     0.1000    0.0334
   140      132.0296             nan     0.1000    0.0340
   150      131.6830             nan     0.1000    0.0135

Iter   TrainDeviance   ValidDeviance   StepSize   Improve
     1      282.1290             nan     0.1000   24.1956
     2      262.1354             nan     0.1000   20.0279
     3      245.3220             nan     0.1000   16.8867
     4      231.4720             nan     0.1000   13.8642
     5      219.4691             nan     0.1000   12.0084
     6      209.5718             nan     0.1000    9.8818
     7      201.1639             nan     0.1000    8.3980
     8      193.6780             nan     0.1000    7.4444
     9      187.3752             nan     0.1000    6.2875
    10      181.0000             nan     0.1000    6.3564
    20      150.4581             nan     0.1000    1.7424
    40      135.2547             nan     0.1000    0.3526
    60      130.7363             nan     0.1000    0.1374
    80      128.5656             nan     0.1000    0.0411
   100      127.1911             nan     0.1000    0.0709
   120      126.1178             nan     0.1000    0.0733
   140      125.1803             nan     0.1000    0.0567
   150      124.8643             nan     0.1000    0.0166

Iter   TrainDeviance   ValidDeviance   StepSize   Improve
     1      278.9870             nan     0.1000   27.4704
     2      256.7529             nan     0.1000   22.2263
     3      238.4861             nan     0.1000   18.2401
     4      223.5664             nan     0.1000   14.8881
     5      211.1631             nan     0.1000   12.4090
     6      200.7960             nan     0.1000   10.3297
     7      192.2368             nan     0.1000    8.5408
     8      184.7779             nan     0.1000    7.4640
     9      178.4181             nan     0.1000    6.3539
    10      172.9044             nan     0.1000    5.4846
    20      143.7907             nan     0.1000    1.5569
    40      130.4236             nan     0.1000    0.2628
    60      126.5489             nan     0.1000    0.1039
    80      124.4645             nan     0.1000    0.0978
   100      123.1286             nan     0.1000    0.0545
   120      121.9140             nan     0.1000    0.0980
   140      120.6614             nan     0.1000    0.0274
   150      120.1551             nan     0.1000    0.0434

Iter   TrainDeviance   ValidDeviance   StepSize   Improve
     1      278.7638             nan     0.1000   27.3099
     2      256.5480             nan     0.1000   22.1707
     3      238.3921             nan     0.1000   18.1288
     4      223.3001             nan     0.1000   15.0239
     5      211.0758             nan     0.1000   12.1957
     6      200.7835             nan     0.1000   10.2823
     7      192.2152             nan     0.1000    8.5687
     8      184.7483             nan     0.1000    7.4784
     9      178.4411             nan     0.1000    6.2658
    10      172.7625             nan     0.1000    5.7004
    20      143.4760             nan     0.1000    1.5141
    40      129.9282             nan     0.1000    0.3328
    60      126.0805             nan     0.1000    0.1389
    80      124.0556             nan     0.1000    0.0737
   100      122.6736             nan     0.1000    0.0437
   120      121.3857             nan     0.1000    0.0833
   140      120.3915             nan     0.1000    0.0256
   150      119.9464             nan     0.1000    0.0126

[1] "Processing time = 21.2666043361028 min."
[1] "Stochastic Gradient Boosting (SGB)"
      RMSE   Rsquared        MAE 
11.0682894  0.6013171  7.9176253 
[1] "MAE: LM = 11.01, CART1 = 8.83, SGB = 7.92, BCART = 8.79, GAMB = 8.84, Klobuchar= 11.62"
[1] "adj R2: LM = 36.13%, CART1 = 52.26%, SGB = 60.13%, BCART = 52.71%, GAMB = 53.79%, Klobuchar = 44.67%"
[1] "RMSE: LM = 14, CART1 = 12.11, SGB = 11.07, BCART = 12.05, GAMB = 11.92, Klobuchar = 14.42"
[1] "development time: LM = 0.05 s, CART1 = 2.57 min, SGB = 21.27 min, BCART = 18.08 min, GAMB = 9.31 min, Klobuchar = 0.09 s"
